timestamp,open,high,low,close
2024-05-13 09:30:00,18228.4,18233.5,18204.06,18204.16
2024-05-13 09:35:00,18203.35,18220.72,18191.5,18191.83
2024-05-13 09:40:00,18192.86,18195.7,18171.76,18179.4
2024-05-13 09:45:00,18179.59,18179.59,18158.44,18167.39
2024-05-13 09:50:00,18168.12,18184.48,18165.67,18184.48
2024-05-13 09:55:00,18184.2,18195.64,18165.1,18195.24
2024-05-13 10:00:00,18194.7,18203.35,18188.06,18202.95
2024-05-13 10:05:00,18203.02,18204.57,18193.25,18199.36
2024-05-13 10:10:00,18199.23,18200.0,18190.72,18198.3
2024-05-13 10:15:00,18198.11,18207.97,18197.81,18201.86
2024-05-13 10:20:00,18201.77,18213.22,18197.58,18212.88
2024-05-13 10:25:00,18213.11,18214.93,18207.96,18210.59
2024-05-13 10:30:00,18210.75,18210.75,18187.55,18196.87
2024-05-13 10:35:00,18197.18,18204.39,18194.48,18200.04
2024-05-13 10:40:00,18199.69,18201.02,18189.43,18195.18
2024-05-13 10:45:00,18194.95,18207.4,18193.67,18205.99
2024-05-13 10:50:00,18205.21,18206.8,18197.83,18203.21
2024-05-13 10:55:00,18203.19,18205.7,18196.84,18199.99
2024-05-13 11:00:00,18200.14,18201.91,18187.79,18195.64
2024-05-13 11:05:00,18195.07,18203.35,18194.13,18202.25
2024-05-13 11:10:00,18202.25,18213.16,18202.25,18211.33
2024-05-13 11:15:00,18211.24,18212.44,18199.85,18202.18
2024-05-13 11:20:00,18202.43,18202.82,18191.03,18198.4
2024-05-13 11:25:00,18198.42,18198.42,18183.01,18186.67
2024-05-13 11:30:00,18186.99,18193.31,18170.98,18190.23
2024-05-13 11:35:00,18190.32,18191.02,18184.16,18189.64
2024-05-13 11:40:00,18189.78,18190.11,18184.8,18186.08
2024-05-13 11:45:00,18186.13,18190.83,18185.66,18188.59
2024-05-13 11:50:00,18188.59,18199.15,18188.36,18199.13
2024-05-13 11:55:00,18199.39,18199.39,18194.36,18197.42
2024-05-13 12:00:00,18197.42,18205.4,18197.22,18203.24
2024-05-13 12:05:00,18203.23,18209.89,18202.72,18208.03
2024-05-13 12:10:00,18207.91,18208.32,18201.97,18202.57
2024-05-13 12:15:00,18202.6,18205.64,18200.05,18203.88
2024-05-13 12:20:00,18203.88,18207.19,18201.77,18205.46
2024-05-13 12:25:00,18205.69,18208.53,18203.94,18207.81
2024-05-13 12:30:00,18207.83,18214.19,18206.69,18211.56
2024-05-13 12:35:00,18211.18,18214.79,18205.63,18206.94
2024-05-13 12:40:00,18207.08,18207.96,18200.65,18206.0
2024-05-13 12:45:00,18206.05,18206.47,18202.2,18204.9
2024-05-13 12:50:00,18204.9,18207.02,18201.62,18201.89
2024-05-13 12:55:00,18201.93,18205.2,18200.46,18201.43
2024-05-13 13:00:00,18201.0,18201.0,18189.08,18189.08
2024-05-13 13:05:00,18188.05,18188.7,18161.39,18161.67
2024-05-13 13:10:00,18161.15,18173.3,18147.57,18172.65
2024-05-13 13:15:00,18173.07,18190.53,18169.88,18188.41
2024-05-13 13:20:00,18188.43,18198.05,18187.13,18194.84
2024-05-13 13:25:00,18194.86,18198.84,18190.61,18197.96
2024-05-13 13:30:00,18198.12,18199.74,18190.3,18190.65
2024-05-13 13:35:00,18190.62,18191.19,18182.89,18182.99
2024-05-13 13:40:00,18183.14,18185.41,18179.3,18179.71
2024-05-13 13:45:00,18180.08,18184.53,18178.15,18181.85
2024-05-13 13:50:00,18181.66,18185.4,18177.63,18185.21
2024-05-13 13:55:00,18185.08,18189.35,18182.47,18188.93
2024-05-13 14:00:00,18188.9,18188.98,18175.53,18178.96
2024-05-13 14:05:00,18179.15,18183.51,18178.84,18182.0
2024-05-13 14:10:00,18181.99,18185.21,18179.4,18182.63
2024-05-13 14:15:00,18182.58,18186.55,18179.91,18186.45
2024-05-13 14:20:00,18186.47,18189.93,18184.13,18187.77
2024-05-13 14:25:00,18187.34,18191.36,18186.53,18187.91
2024-05-13 14:30:00,18187.91,18188.05,18179.86,18187.38
2024-05-13 14:35:00,18187.46,18191.32,18186.65,18191.25
2024-05-13 14:40:00,18191.35,18191.57,18188.84,18191.18
2024-05-13 14:45:00,18191.18,18193.22,18183.39,18184.19
2024-05-13 14:50:00,18184.2,18187.32,18183.32,18184.38
2024-05-13 14:55:00,18184.49,18191.64,18182.8,18191.64
2024-05-13 15:00:00,18191.73,18196.32,18189.54,18194.4
2024-05-13 15:05:00,18194.33,18195.67,18190.89,18192.75
2024-05-13 15:10:00,18192.76,18196.08,18189.14,18194.9
2024-05-13 15:15:00,18194.7,18200.35,18194.46,18197.99
2024-05-13 15:20:00,18198.07,18199.71,18187.22,18187.28
2024-05-13 15:25:00,18187.3,18193.06,18181.46,18192.68
2024-05-13 15:30:00,18192.6,18196.46,18191.42,18195.93
2024-05-13 15:35:00,18195.94,18201.3,18194.98,18197.24
2024-05-13 15:40:00,18197.17,18203.42,18196.1,18202.74
2024-05-13 15:45:00,18202.58,18202.58,18189.86,18191.58
2024-05-13 15:50:00,18193.76,18204.58,18192.74,18200.48
2024-05-13 15:55:00,18195.68,18203.49,18189.64,18199.72
2024-05-13 16:00:00,18198.72,18198.72,18198.61,18198.61
2024-05-14 09:30:00,18187.51,18196.69,18175.3,18193.15
2024-05-14 09:35:00,18193.98,18203.49,18190.3,18200.22
2024-05-14 09:40:00,18200.79,18220.21,18192.85,18217.08
2024-05-14 09:45:00,18217.17,18230.23,18215.51,18217.25
2024-05-14 09:50:00,18218.36,18222.66,18211.29,18217.88
2024-05-14 09:55:00,18217.58,18219.21,18192.86,18193.02
2024-05-14 10:00:00,18193.36,18205.16,18183.92,18193.33
2024-05-14 10:05:00,18193.28,18210.55,18187.15,18210.55
2024-05-14 10:10:00,18210.49,18219.09,18207.21,18210.35
2024-05-14 10:15:00,18210.48,18216.99,18190.27,18197.17
2024-05-14 10:20:00,18197.45,18245.41,18197.45,18245.41
2024-05-14 10:25:00,18246.01,18270.43,18246.01,18268.15
2024-05-14 10:30:00,18267.64,18274.09,18262.42,18262.77
2024-05-14 10:35:00,18262.93,18262.93,18200.9,18212.37
2024-05-14 10:40:00,18211.95,18211.95,18196.5,18210.39
2024-05-14 10:45:00,18210.33,18213.15,18200.93,18207.12
2024-05-14 10:50:00,18206.91,18219.87,18205.81,18213.49
2024-05-14 10:55:00,18213.47,18241.66,18212.95,18241.66
2024-05-14 11:00:00,18241.9,18249.79,18240.13,18241.46
2024-05-14 11:05:00,18241.47,18253.83,18238.96,18252.13
2024-05-14 11:10:00,18251.92,18256.22,18249.2,18254.83
2024-05-14 11:15:00,18254.68,18269.67,18253.9,18253.9
2024-05-14 11:20:00,18253.99,18257.77,18249.41,18253.71
2024-05-14 11:25:00,18254.04,18265.57,18250.84,18265.0
2024-05-14 11:30:00,18264.9,18264.9,18241.65,18241.65
2024-05-14 11:35:00,18241.81,18241.81,18229.58,18230.48
2024-05-14 11:40:00,18230.59,18237.08,18222.22,18224.09
2024-05-14 11:45:00,18224.18,18225.73,18215.47,18224.04
2024-05-14 11:50:00,18223.96,18232.2,18223.66,18231.55
2024-05-14 11:55:00,18231.5,18232.42,18225.35,18225.83
2024-05-14 12:00:00,18225.71,18227.64,18218.38,18220.88
2024-05-14 12:05:00,18221.05,18233.54,18219.87,18233.07
2024-05-14 12:10:00,18233.09,18234.89,18226.75,18228.96
2024-05-14 12:15:00,18229.17,18229.89,18222.39,18223.23
2024-05-14 12:20:00,18222.7,18223.4,18213.37,18215.58
2024-05-14 12:25:00,18215.63,18219.57,18213.32,18218.17
2024-05-14 12:30:00,18218.14,18218.3,18211.71,18214.85
2024-05-14 12:35:00,18214.94,18220.16,18212.22,18212.74
2024-05-14 12:40:00,18212.75,18217.33,18210.27,18210.74
2024-05-14 12:45:00,18210.48,18212.25,18206.99,18210.79
2024-05-14 12:50:00,18210.83,18220.56,18210.83,18215.71
2024-05-14 12:55:00,18215.84,18221.43,18215.24,18221.43
2024-05-14 13:00:00,18221.4,18225.5,18214.4,18218.89
2024-05-14 13:05:00,18219.07,18219.17,18208.5,18211.26
2024-05-14 13:10:00,18211.43,18216.35,18210.12,18210.14
2024-05-14 13:15:00,18210.23,18213.85,18206.65,18213.85
2024-05-14 13:20:00,18213.77,18222.58,18210.11,18221.62
2024-05-14 13:25:00,18221.74,18228.51,18219.68,18227.77
2024-05-14 13:30:00,18227.61,18230.99,18225.62,18226.24
2024-05-14 13:35:00,18226.45,18231.91,18226.32,18226.34
2024-05-14 13:40:00,18226.34,18243.62,18226.17,18242.55
2024-05-14 13:45:00,18243.32,18243.32,18236.7,18237.03
2024-05-14 13:50:00,18236.99,18237.03,18230.8,18234.27
2024-05-14 13:55:00,18234.29,18237.92,18231.36,18236.31
2024-05-14 14:00:00,18236.38,18245.9,18234.96,18245.38
2024-05-14 14:05:00,18245.34,18257.49,18243.08,18252.63
2024-05-14 14:10:00,18252.67,18279.6,18252.42,18278.73
2024-05-14 14:15:00,18279.12,18288.71,18279.12,18285.81
2024-05-14 14:20:00,18285.9,18289.72,18283.93,18286.39
2024-05-14 14:25:00,18286.44,18286.44,18281.65,18283.24
2024-05-14 14:30:00,18283.25,18296.99,18276.05,18294.34
2024-05-14 14:35:00,18294.18,18301.87,18291.38,18300.54
2024-05-14 14:40:00,18300.55,18317.23,18300.55,18308.63
2024-05-14 14:45:00,18309.68,18311.13,18300.87,18305.6
2024-05-14 14:50:00,18305.67,18308.2,18299.29,18308.2
2024-05-14 14:55:00,18308.0,18316.88,18307.29,18313.15
2024-05-14 15:00:00,18313.11,18317.7,18311.7,18312.83
2024-05-14 15:05:00,18312.91,18313.31,18303.08,18311.16
2024-05-14 15:10:00,18312.09,18321.91,18311.48,18314.73
2024-05-14 15:15:00,18314.9,18324.31,18312.17,18323.76
2024-05-14 15:20:00,18323.71,18333.79,18320.95,18324.56
2024-05-14 15:25:00,18324.54,18324.54,18318.01,18323.44
2024-05-14 15:30:00,18323.06,18324.7,18320.83,18323.95
2024-05-14 15:35:00,18324.02,18324.02,18319.35,18320.84
2024-05-14 15:40:00,18320.94,18332.19,18320.58,18331.74
2024-05-14 15:45:00,18331.35,18332.46,18316.74,18317.09
2024-05-14 15:50:00,18324.16,18337.54,18318.62,18336.93
2024-05-14 15:55:00,18338.79,18339.58,18319.69,18320.9
2024-05-14 16:00:00,18321.62,18322.77,18321.62,18322.77
2024-05-15 09:30:00,18412.81,18437.14,18407.23,18427.46
2024-05-15 09:35:00,18427.76,18435.69,18404.16,18411.9
2024-05-15 09:40:00,18412.73,18427.93,18407.01,18408.24
2024-05-15 09:45:00,18407.55,18413.15,18378.67,18379.39
2024-05-15 09:50:00,18380.05,18380.16,18359.32,18371.51
2024-05-15 09:55:00,18371.63,18391.41,18369.41,18391.41
2024-05-15 10:00:00,18391.27,18414.27,18391.08,18413.91
2024-05-15 10:05:00,18413.75,18428.08,18411.03,18419.6
2024-05-15 10:10:00,18419.08,18427.68,18411.69,18418.09
2024-05-15 10:15:00,18418.1,18437.15,18414.44,18433.57
2024-05-15 10:20:00,18433.49,18446.13,18433.49,18440.85
2024-05-15 10:25:00,18440.72,18442.69,18429.09,18436.72
2024-05-15 10:30:00,18437.0,18451.9,18433.81,18450.46
2024-05-15 10:35:00,18450.64,18466.21,18446.89,18460.52
2024-05-15 10:40:00,18460.41,18470.66,18458.58,18468.28
2024-05-15 10:45:00,18468.43,18476.21,18465.06,18474.83
2024-05-15 10:50:00,18474.9,18476.29,18463.48,18466.32
2024-05-15 10:55:00,18466.72,18473.3,18465.23,18473.3
2024-05-15 11:00:00,18474.02,18484.66,18473.24,18476.79
2024-05-15 11:05:00,18476.6,18499.27,18475.99,18494.65
2024-05-15 11:10:00,18494.67,18499.76,18490.21,18499.75
2024-05-15 11:15:00,18499.63,18503.8,18493.53,18502.03
2024-05-15 11:20:00,18502.31,18503.39,18494.31,18494.82
2024-05-15 11:25:00,18495.58,18498.87,18488.02,18498.75
2024-05-15 11:30:00,18498.65,18503.74,18497.22,18499.99
2024-05-15 11:35:00,18499.94,18504.77,18494.28,18495.21
2024-05-15 11:40:00,18495.04,18505.73,18494.91,18502.29
2024-05-15 11:45:00,18502.04,18503.11,18495.35,18498.62
2024-05-15 11:50:00,18498.27,18506.35,18498.27,18506.3
2024-05-15 11:55:00,18506.26,18508.14,18497.54,18500.91
2024-05-15 12:00:00,18500.87,18500.93,18486.78,18493.64
2024-05-15 12:05:00,18493.76,18498.99,18486.73,18498.99
2024-05-15 12:10:00,18498.91,18505.02,18498.86,18500.96
2024-05-15 12:15:00,18501.07,18503.28,18495.0,18503.08
2024-05-15 12:20:00,18503.04,18508.02,18498.66,18506.27
2024-05-15 12:25:00,18506.28,18513.62,18502.56,18512.98
2024-05-15 12:30:00,18513.81,18519.94,18512.66,18519.25
2024-05-15 12:35:00,18519.32,18523.34,18517.37,18519.16
2024-05-15 12:40:00,18519.16,18523.15,18513.66,18513.66
2024-05-15 12:45:00,18513.55,18524.1,18512.4,18519.05
2024-05-15 12:50:00,18519.06,18527.65,18519.06,18527.26
2024-05-15 12:55:00,18527.83,18533.75,18526.74,18532.65
2024-05-15 13:00:00,18532.6,18539.3,18532.6,18538.78
2024-05-15 13:05:00,18539.33,18542.98,18537.33,18539.89
2024-05-15 13:10:00,18539.69,18550.05,18538.46,18550.04
2024-05-15 13:15:00,18550.04,18555.02,18541.48,18544.29
2024-05-15 13:20:00,18544.18,18547.19,18541.46,18541.64
2024-05-15 13:25:00,18541.88,18556.34,18538.31,18556.09
2024-05-15 13:30:00,18556.22,18556.91,18550.8,18555.75
2024-05-15 13:35:00,18555.76,18565.88,18555.39,18562.22
2024-05-15 13:40:00,18562.67,18569.24,18556.69,18568.03
2024-05-15 13:45:00,18568.14,18569.75,18559.57,18563.92
2024-05-15 13:50:00,18563.83,18577.68,18562.69,18577.57
2024-05-15 13:55:00,18577.53,18583.76,18576.58,18582.17
2024-05-15 14:00:00,18582.04,18586.01,18578.86,18585.98
2024-05-15 14:05:00,18585.95,18594.48,18585.23,18593.86
2024-05-15 14:10:00,18593.85,18603.34,18591.2,18603.34
2024-05-15 14:15:00,18603.32,18603.61,18584.45,18592.9
2024-05-15 14:20:00,18592.89,18592.91,18584.03,18589.89
2024-05-15 14:25:00,18589.89,18595.45,18582.67,18585.69
2024-05-15 14:30:00,18585.84,18586.79,18576.68,18577.6
2024-05-15 14:35:00,18579.29,18591.83,18573.84,18590.12
2024-05-15 14:40:00,18590.11,18592.52,18582.54,18583.14
2024-05-15 14:45:00,18583.19,18586.93,18573.92,18577.94
2024-05-15 14:50:00,18577.19,18590.59,18576.87,18590.07
2024-05-15 14:55:00,18589.85,18589.85,18582.27,18587.5
2024-05-15 15:00:00,18587.25,18587.25,18580.47,18585.67
2024-05-15 15:05:00,18585.79,18591.27,18584.26,18590.32
2024-05-15 15:10:00,18590.02,18593.33,18585.69,18586.3
2024-05-15 15:15:00,18586.72,18601.93,18585.95,18601.43
2024-05-15 15:20:00,18601.49,18607.53,18599.94,18603.47
2024-05-15 15:25:00,18603.07,18604.26,18597.53,18598.02
2024-05-15 15:30:00,18598.21,18602.13,18591.39,18598.44
2024-05-15 15:35:00,18598.26,18598.26,18591.74,18592.87
2024-05-15 15:40:00,18592.84,18597.83,18592.31,18594.38
2024-05-15 15:45:00,18594.16,18597.46,18590.45,18591.13
2024-05-15 15:50:00,18581.69,18597.3,18581.69,18595.32
2024-05-15 15:55:00,18589.19,18603.06,18585.53,18599.13
2024-05-15 16:00:00,18598.41,18598.41,18596.65,18596.65
2024-05-16 09:30:00,18589.98,18598.74,18582.81,18596.61
2024-05-16 09:35:00,18596.58,18608.94,18587.29,18605.51
2024-05-16 09:40:00,18605.64,18611.42,18597.6,18599.83
2024-05-16 09:45:00,18600.12,18614.6,18600.12,18614.6
2024-05-16 09:50:00,18615.6,18622.68,18612.75,18618.58
2024-05-16 09:55:00,18618.7,18626.69,18615.43,18622.14
2024-05-16 10:00:00,18621.75,18622.72,18608.89,18612.39
2024-05-16 10:05:00,18612.29,18618.98,18585.82,18607.89
2024-05-16 10:10:00,18607.82,18613.87,18603.19,18607.63
2024-05-16 10:15:00,18607.42,18619.8,18607.42,18619.8
2024-05-16 10:20:00,18619.55,18630.9,18614.68,18629.59
2024-05-16 10:25:00,18629.99,18633.05,18627.69,18627.69
2024-05-16 10:30:00,18627.45,18632.32,18624.32,18624.69
2024-05-16 10:35:00,18624.7,18631.84,18623.84,18626.25
2024-05-16 10:40:00,18626.26,18637.22,18623.91,18636.61
2024-05-16 10:45:00,18636.58,18642.31,18633.94,18639.17
2024-05-16 10:50:00,18639.7,18647.55,18637.73,18647.55
2024-05-16 10:55:00,18647.68,18658.43,18646.26,18656.21
2024-05-16 11:00:00,18656.55,18665.43,18656.55,18662.47
2024-05-16 11:05:00,18663.11,18669.5,18658.74,18666.5
2024-05-16 11:10:00,18666.35,18668.2,18646.73,18648.49
2024-05-16 11:15:00,18648.16,18648.3,18638.42,18645.95
2024-05-16 11:20:00,18646.09,18646.42,18636.44,18641.77
2024-05-16 11:25:00,18641.69,18657.2,18639.65,18657.13
2024-05-16 11:30:00,18657.33,18664.47,18654.07,18662.99
2024-05-16 11:35:00,18663.19,18664.5,18641.61,18647.77
2024-05-16 11:40:00,18647.44,18650.01,18640.81,18650.01
2024-05-16 11:45:00,18649.98,18651.92,18645.44,18648.85
2024-05-16 11:50:00,18648.85,18655.56,18646.8,18653.56
2024-05-16 11:55:00,18653.73,18656.12,18650.68,18651.98
2024-05-16 12:00:00,18652.14,18652.14,18625.22,18631.6
2024-05-16 12:05:00,18631.78,18635.89,18625.21,18634.79
2024-05-16 12:10:00,18634.53,18643.06,18634.09,18642.27
2024-05-16 12:15:00,18642.27,18642.27,18630.52,18630.52
2024-05-16 12:20:00,18630.46,18636.21,18624.33,18635.88
2024-05-16 12:25:00,18636.23,18639.01,18632.43,18634.15
2024-05-16 12:30:00,18634.11,18634.51,18622.9,18628.71
2024-05-16 12:35:00,18628.49,18632.8,18621.3,18632.55
2024-05-16 12:40:00,18632.55,18635.55,18628.76,18635.55
2024-05-16 12:45:00,18635.62,18638.89,18632.96,18636.79
2024-05-16 12:50:00,18636.8,18643.94,18636.42,18642.99
2024-05-16 12:55:00,18642.95,18644.16,18640.38,18643.11
2024-05-16 13:00:00,18643.2,18643.33,18632.27,18634.93
2024-05-16 13:05:00,18634.93,18643.16,18633.44,18643.14
2024-05-16 13:10:00,18643.14,18645.92,18638.57,18645.85
2024-05-16 13:15:00,18646.27,18648.71,18640.18,18642.67
2024-05-16 13:20:00,18642.74,18644.13,18592.74,18594.18
2024-05-16 13:25:00,18593.48,18610.47,18588.72,18599.42
2024-05-16 13:30:00,18600.39,18615.25,18600.33,18614.53
2024-05-16 13:35:00,18614.43,18614.43,18601.64,18606.4
2024-05-16 13:40:00,18606.41,18613.7,18603.15,18611.88
2024-05-16 13:45:00,18611.54,18611.87,18593.43,18598.09
2024-05-16 13:50:00,18598.33,18616.52,18597.46,18614.7
2024-05-16 13:55:00,18614.73,18621.02,18613.22,18618.37
2024-05-16 14:00:00,18618.45,18618.47,18606.69,18607.51
2024-05-16 14:05:00,18607.48,18609.17,18593.7,18595.61
2024-05-16 14:10:00,18595.68,18597.19,18576.78,18576.91
2024-05-16 14:15:00,18576.34,18585.47,18571.15,18584.82
2024-05-16 14:20:00,18584.75,18595.8,18582.81,18593.86
2024-05-16 14:25:00,18594.04,18594.05,18581.52,18586.06
2024-05-16 14:30:00,18585.72,18596.5,18585.33,18593.0
2024-05-16 14:35:00,18592.95,18598.25,18591.71,18595.27
2024-05-16 14:40:00,18595.1,18605.95,18594.62,18604.68
2024-05-16 14:45:00,18604.47,18604.54,18597.22,18601.27
2024-05-16 14:50:00,18601.25,18602.06,18596.36,18600.73
2024-05-16 14:55:00,18600.87,18603.23,18594.41,18602.13
2024-05-16 15:00:00,18602.95,18608.72,18597.66,18605.76
2024-05-16 15:05:00,18605.91,18609.84,18603.27,18606.3
2024-05-16 15:10:00,18606.92,18606.92,18597.45,18599.86
2024-05-16 15:15:00,18599.8,18604.98,18595.97,18599.22
2024-05-16 15:20:00,18599.19,18600.79,18594.49,18595.93
2024-05-16 15:25:00,18595.92,18599.45,18594.56,18596.97
2024-05-16 15:30:00,18595.96,18597.27,18581.15,18584.38
2024-05-16 15:35:00,18584.46,18587.72,18565.05,18569.51
2024-05-16 15:40:00,18569.52,18574.73,18560.31,18562.88
2024-05-16 15:45:00,18563.02,18570.65,18557.87,18562.95
2024-05-16 15:50:00,18574.66,18596.45,18573.78,18596.42
2024-05-16 15:55:00,18588.71,18588.71,18553.3,18560.7
2024-05-16 16:00:00,18558.81,18558.81,18557.96,18557.96
2024-05-17 09:30:00,18571.82,18580.24,18554.56,18558.96
2024-05-17 09:35:00,18558.11,18580.9,18557.54,18577.24
2024-05-17 09:40:00,18578.3,18578.3,18555.81,18558.75
2024-05-17 09:45:00,18558.84,18562.9,18549.04,18549.65
2024-05-17 09:50:00,18550.15,18556.18,18547.47,18548.46
2024-05-17 09:55:00,18548.49,18555.42,18536.17,18553.77
2024-05-17 10:00:00,18553.69,18567.25,18550.61,18562.54
2024-05-17 10:05:00,18562.57,18563.76,18537.19,18543.49
2024-05-17 10:10:00,18543.65,18550.19,18534.58,18549.67
2024-05-17 10:15:00,18550.02,18553.13,18544.92,18546.0
2024-05-17 10:20:00,18545.98,18564.13,18545.9,18563.83
2024-05-17 10:25:00,18563.66,18577.42,18561.88,18577.42
2024-05-17 10:30:00,18577.57,18588.78,18573.48,18588.78
2024-05-17 10:35:00,18588.92,18590.37,18575.87,18578.08
2024-05-17 10:40:00,18578.03,18585.62,18578.03,18585.54
2024-05-17 10:45:00,18584.69,18589.16,18584.14,18588.11
2024-05-17 10:50:00,18588.08,18588.39,18576.9,18582.48
2024-05-17 10:55:00,18582.41,18582.72,18573.98,18575.63
2024-05-17 11:00:00,18575.67,18575.96,18546.64,18548.47
2024-05-17 11:05:00,18548.63,18567.55,18547.5,18566.01
2024-05-17 11:10:00,18566.07,18570.83,18559.37,18569.24
2024-05-17 11:15:00,18569.19,18569.93,18560.62,18564.98
2024-05-17 11:20:00,18565.0,18567.7,18558.84,18561.15
2024-05-17 11:25:00,18561.59,18569.55,18561.59,18566.27
2024-05-17 11:30:00,18566.34,18566.34,18553.28,18555.54
2024-05-17 11:35:00,18555.78,18556.64,18546.16,18547.48
2024-05-17 11:40:00,18547.21,18547.54,18543.34,18544.82
2024-05-17 11:45:00,18544.83,18548.65,18535.35,18535.35
2024-05-17 11:50:00,18535.26,18555.4,18534.51,18554.09
2024-05-17 11:55:00,18554.15,18565.06,18554.0,18563.79
2024-05-17 12:00:00,18563.66,18569.61,18561.4,18566.33
2024-05-17 12:05:00,18566.36,18566.71,18554.18,18559.45
2024-05-17 12:10:00,18559.53,18560.99,18553.58,18554.39
2024-05-17 12:15:00,18554.27,18561.41,18554.27,18558.33
2024-05-17 12:20:00,18558.42,18559.24,18547.72,18551.8
2024-05-17 12:25:00,18551.71,18554.3,18550.27,18552.53
2024-05-17 12:30:00,18552.47,18554.53,18545.64,18550.26
2024-05-17 12:35:00,18550.27,18554.64,18549.82,18552.92
2024-05-17 12:40:00,18552.89,18553.18,18537.24,18538.13
2024-05-17 12:45:00,18538.09,18539.16,18525.58,18539.16
2024-05-17 12:50:00,18539.23,18550.12,18538.99,18548.51
2024-05-17 12:55:00,18548.32,18551.85,18547.75,18550.67
2024-05-17 13:00:00,18550.75,18551.83,18545.78,18548.47
2024-05-17 13:05:00,18548.48,18549.46,18544.14,18549.06
2024-05-17 13:10:00,18548.63,18548.63,18543.64,18545.82
2024-05-17 13:15:00,18545.84,18546.86,18530.12,18530.17
2024-05-17 13:20:00,18530.25,18532.92,18528.74,18531.52
2024-05-17 13:25:00,18531.82,18535.42,18529.81,18534.39
2024-05-17 13:30:00,18534.5,18538.72,18529.72,18530.01
2024-05-17 13:35:00,18530.11,18538.29,18525.21,18537.09
2024-05-17 13:40:00,18537.12,18540.12,18535.34,18538.65
2024-05-17 13:45:00,18538.81,18538.83,18534.22,18534.73
2024-05-17 13:50:00,18534.71,18536.14,18528.07,18528.82
2024-05-17 13:55:00,18528.8,18530.33,18526.03,18527.58
2024-05-17 14:00:00,18527.54,18527.54,18507.83,18507.83
2024-05-17 14:05:00,18507.73,18515.79,18507.17,18510.68
2024-05-17 14:10:00,18510.48,18510.82,18481.64,18484.22
2024-05-17 14:15:00,18484.2,18492.31,18481.65,18490.64
2024-05-17 14:20:00,18490.65,18490.65,18462.25,18474.86
2024-05-17 14:25:00,18474.84,18485.64,18474.68,18484.8
2024-05-17 14:30:00,18484.14,18492.73,18482.36,18486.74
2024-05-17 14:35:00,18486.74,18494.98,18486.74,18494.98
2024-05-17 14:40:00,18494.98,18496.34,18487.24,18489.0
2024-05-17 14:45:00,18488.98,18502.4,18487.88,18502.28
2024-05-17 14:50:00,18502.43,18517.0,18501.92,18516.89
2024-05-17 14:55:00,18517.09,18531.01,18516.77,18529.91
2024-05-17 15:00:00,18530.04,18534.0,18524.33,18532.8
2024-05-17 15:05:00,18532.69,18534.12,18527.09,18532.99
2024-05-17 15:10:00,18533.0,18537.81,18530.14,18536.26
2024-05-17 15:15:00,18536.26,18542.24,18534.45,18538.12
2024-05-17 15:20:00,18538.29,18550.52,18538.29,18545.08
2024-05-17 15:25:00,18544.98,18549.28,18538.58,18543.49
2024-05-17 15:30:00,18542.8,18542.8,18537.13,18538.85
2024-05-17 15:35:00,18538.99,18545.71,18537.02,18542.22
2024-05-17 15:40:00,18542.54,18546.17,18536.76,18539.03
2024-05-17 15:45:00,18538.92,18540.96,18531.9,18533.07
2024-05-17 15:50:00,18531.37,18544.27,18529.58,18540.75
2024-05-17 15:55:00,18536.56,18549.36,18530.22,18549.36
2024-05-17 16:00:00,18548.65,18548.65,18546.23,18546.23
2024-05-20 09:30:00,18559.22,18605.47,18549.84,18599.93
2024-05-20 09:35:00,18601.92,18624.54,18601.16,18617.55
2024-05-20 09:40:00,18617.47,18625.95,18604.56,18625.5
2024-05-20 09:45:00,18625.92,18631.39,18614.67,18619.98
2024-05-20 09:50:00,18620.35,18656.0,18620.35,18655.1
2024-05-20 09:55:00,18655.52,18667.94,18650.65,18664.03
2024-05-20 10:00:00,18665.39,18667.19,18652.67,18657.97
2024-05-20 10:05:00,18658.15,18658.74,18647.57,18657.48
2024-05-20 10:10:00,18657.4,18659.16,18649.94,18651.49
2024-05-20 10:15:00,18651.47,18662.18,18645.6,18660.0
2024-05-20 10:20:00,18660.01,18668.33,18659.21,18661.43
2024-05-20 10:25:00,18661.35,18663.97,18655.99,18663.89
2024-05-20 10:30:00,18664.1,18665.22,18659.42,18659.98
2024-05-20 10:35:00,18659.9,18665.87,18658.95,18659.75
2024-05-20 10:40:00,18659.79,18672.41,18659.54,18667.3
2024-05-20 10:45:00,18667.16,18674.77,18662.89,18674.77
2024-05-20 10:50:00,18675.27,18678.27,18668.4,18668.4
2024-05-20 10:55:00,18668.48,18668.48,18650.85,18655.49
2024-05-20 11:00:00,18655.57,18659.56,18651.87,18655.55
2024-05-20 11:05:00,18655.4,18657.78,18651.29,18653.19
2024-05-20 11:10:00,18653.08,18660.38,18652.6,18652.83
2024-05-20 11:15:00,18652.9,18653.9,18643.73,18649.86
2024-05-20 11:20:00,18650.08,18662.52,18646.74,18662.22
2024-05-20 11:25:00,18662.42,18667.14,18661.53,18664.36
2024-05-20 11:30:00,18664.37,18674.36,18664.37,18672.7
2024-05-20 11:35:00,18672.81,18674.01,18668.24,18670.35
2024-05-20 11:40:00,18670.63,18670.76,18653.41,18654.56
2024-05-20 11:45:00,18654.43,18655.64,18651.63,18654.57
2024-05-20 11:50:00,18654.61,18656.02,18650.6,18652.06
2024-05-20 11:55:00,18651.95,18657.71,18648.76,18655.8
2024-05-20 12:00:00,18655.93,18664.67,18655.93,18664.46
2024-05-20 12:05:00,18665.13,18667.66,18664.72,18666.57
2024-05-20 12:10:00,18666.58,18666.58,18658.13,18660.54
2024-05-20 12:15:00,18660.56,18664.65,18658.78,18663.38
2024-05-20 12:20:00,18663.56,18669.46,18659.8,18661.0
2024-05-20 12:25:00,18660.94,18661.17,18656.63,18660.98
2024-05-20 12:30:00,18660.89,18665.97,18658.41,18665.14
2024-05-20 12:35:00,18665.11,18677.69,18665.0,18676.36
2024-05-20 12:40:00,18676.43,18689.56,18676.43,18687.87
2024-05-20 12:45:00,18687.92,18688.6,18681.94,18681.94
2024-05-20 12:50:00,18681.9,18697.76,18681.76,18695.96
2024-05-20 12:55:00,18695.91,18703.44,18695.66,18702.32
2024-05-20 13:00:00,18702.38,18703.83,18696.08,18700.99
2024-05-20 13:05:00,18701.0,18701.25,18695.03,18700.77
2024-05-20 13:10:00,18700.62,18700.62,18692.77,18696.01
2024-05-20 13:15:00,18696.0,18699.73,18692.59,18693.96
2024-05-20 13:20:00,18693.63,18693.63,18680.41,18681.14
2024-05-20 13:25:00,18681.43,18683.26,18658.09,18658.65
2024-05-20 13:30:00,18658.71,18662.01,18656.72,18660.98
2024-05-20 13:35:00,18661.09,18661.09,18654.66,18656.17
2024-05-20 13:40:00,18655.87,18660.24,18650.16,18660.24
2024-05-20 13:45:00,18660.27,18663.21,18656.93,18657.18
2024-05-20 13:50:00,18657.47,18661.58,18653.9,18656.03
2024-05-20 13:55:00,18655.93,18658.67,18651.83,18658.06
2024-05-20 14:00:00,18657.86,18660.16,18653.73,18653.93
2024-05-20 14:05:00,18653.92,18657.07,18626.5,18641.35
2024-05-20 14:10:00,18641.49,18651.58,18638.48,18645.78
2024-05-20 14:15:00,18645.56,18652.73,18639.02,18643.45
2024-05-20 14:20:00,18643.44,18648.4,18643.44,18645.11
2024-05-20 14:25:00,18645.09,18660.57,18644.39,18660.57
2024-05-20 14:30:00,18660.69,18669.05,18659.76,18664.07
2024-05-20 14:35:00,18664.07,18670.28,18663.54,18668.96
2024-05-20 14:40:00,18668.96,18677.91,18668.96,18676.83
2024-05-20 14:45:00,18676.91,18677.97,18669.07,18670.25
2024-05-20 14:50:00,18670.26,18671.31,18665.44,18670.53
2024-05-20 14:55:00,18670.53,18670.53,18662.15,18662.37
2024-05-20 15:00:00,18662.39,18669.19,18658.15,18668.73
2024-05-20 15:05:00,18668.65,18675.01,18666.27,18674.76
2024-05-20 15:10:00,18674.97,18682.44,18674.77,18682.16
2024-05-20 15:15:00,18681.79,18684.56,18680.84,18682.51
2024-05-20 15:20:00,18682.37,18684.04,18678.77,18681.97
2024-05-20 15:25:00,18681.91,18689.63,18680.31,18688.86
2024-05-20 15:30:00,18688.95,18693.32,18678.11,18679.49
2024-05-20 15:35:00,18679.66,18680.04,18674.87,18678.27
2024-05-20 15:40:00,18677.96,18679.37,18670.15,18674.68
2024-05-20 15:45:00,18674.42,18674.54,18661.82,18662.11
2024-05-20 15:50:00,18659.26,18665.33,18657.59,18663.51
2024-05-20 15:55:00,18660.3,18679.47,18653.29,18679.47
2024-05-20 16:00:00,18675.85,18675.85,18674.19,18674.19
2024-05-21 09:30:00,18603.99,18629.55,18589.91,18629.55
2024-05-21 09:35:00,18629.5,18630.4,18613.49,18622.82
2024-05-21 09:40:00,18622.25,18624.67,18612.59,18618.53
2024-05-21 09:45:00,18616.89,18616.89,18595.52,18610.18
2024-05-21 09:50:00,18609.97,18633.89,18605.5,18633.07
2024-05-21 09:55:00,18632.89,18633.15,18620.3,18622.52
2024-05-21 10:00:00,18623.05,18640.5,18623.05,18638.97
2024-05-21 10:05:00,18638.73,18640.0,18619.95,18631.45
2024-05-21 10:10:00,18631.37,18634.21,18619.2,18629.86
2024-05-21 10:15:00,18630.03,18639.39,18627.02,18627.76
2024-05-21 10:20:00,18628.03,18638.81,18628.0,18638.24
2024-05-21 10:25:00,18638.35,18647.64,18638.35,18646.63
2024-05-21 10:30:00,18646.94,18660.31,18644.32,18658.64
2024-05-21 10:35:00,18658.3,18672.84,18655.17,18661.56
2024-05-21 10:40:00,18661.35,18666.47,18653.36,18653.46
2024-05-21 10:45:00,18653.8,18658.94,18652.49,18658.94
2024-05-21 10:50:00,18658.98,18661.18,18654.43,18656.63
2024-05-21 10:55:00,18656.68,18672.89,18655.22,18672.89
2024-05-21 11:00:00,18672.4,18677.73,18670.79,18675.65
2024-05-21 11:05:00,18675.33,18675.84,18668.25,18669.16
2024-05-21 11:10:00,18669.22,18670.14,18662.17,18664.61
2024-05-21 11:15:00,18665.42,18671.31,18664.66,18668.3
2024-05-21 11:20:00,18668.29,18678.08,18668.29,18677.65
2024-05-21 11:25:00,18677.76,18677.76,18668.98,18669.89
2024-05-21 11:30:00,18670.19,18670.44,18662.31,18662.31
2024-05-21 11:35:00,18662.56,18668.18,18660.26,18664.99
2024-05-21 11:40:00,18665.22,18667.4,18657.36,18662.75
2024-05-21 11:45:00,18662.93,18667.6,18659.99,18667.46
2024-05-21 11:50:00,18667.3,18668.37,18652.75,18659.34
2024-05-21 11:55:00,18659.11,18665.07,18657.84,18660.92
2024-05-21 12:00:00,18660.98,18663.05,18655.52,18661.93
2024-05-21 12:05:00,18662.05,18665.43,18661.46,18661.98
2024-05-21 12:10:00,18662.32,18679.94,18662.21,18676.55
2024-05-21 12:15:00,18676.39,18685.16,18676.39,18682.02
2024-05-21 12:20:00,18682.1,18683.26,18678.15,18678.87
2024-05-21 12:25:00,18678.9,18680.09,18672.58,18680.08
2024-05-21 12:30:00,18680.11,18681.66,18673.86,18674.06
2024-05-21 12:35:00,18673.96,18674.23,18667.52,18668.29
2024-05-21 12:40:00,18668.28,18671.52,18662.47,18664.57
2024-05-21 12:45:00,18664.75,18667.14,18660.85,18666.92
2024-05-21 12:50:00,18667.09,18669.93,18661.65,18661.65
2024-05-21 12:55:00,18661.48,18663.2,18655.59,18660.37
2024-05-21 13:00:00,18660.19,18661.2,18652.77,18659.81
2024-05-21 13:05:00,18659.78,18668.58,18659.46,18664.44
2024-05-21 13:10:00,18664.42,18664.74,18653.13,18658.07
2024-05-21 13:15:00,18658.17,18661.46,18656.62,18659.62
2024-05-21 13:20:00,18659.48,18661.51,18656.92,18657.25
2024-05-21 13:25:00,18657.47,18671.63,18655.5,18671.15
2024-05-21 13:30:00,18671.29,18673.68,18668.32,18670.02
2024-05-21 13:35:00,18670.02,18682.59,18669.86,18681.24
2024-05-21 13:40:00,18681.19,18683.73,18677.11,18680.81
2024-05-21 13:45:00,18680.83,18683.4,18677.68,18679.55
2024-05-21 13:50:00,18679.55,18683.09,18679.21,18681.44
2024-05-21 13:55:00,18681.44,18690.19,18681.44,18690.19
2024-05-21 14:00:00,18690.46,18694.33,18685.26,18685.65
2024-05-21 14:05:00,18685.63,18692.51,18685.53,18689.86
2024-05-21 14:10:00,18689.85,18691.48,18682.25,18686.32
2024-05-21 14:15:00,18686.44,18687.42,18680.32,18680.56
2024-05-21 14:20:00,18680.36,18681.97,18676.38,18677.34
2024-05-21 14:25:00,18677.26,18678.28,18671.22,18671.9
2024-05-21 14:30:00,18671.88,18681.37,18671.61,18679.4
2024-05-21 14:35:00,18679.31,18679.74,18673.73,18676.2
2024-05-21 14:40:00,18676.16,18678.4,18672.79,18674.02
2024-05-21 14:45:00,18673.83,18678.33,18672.17,18677.32
2024-05-21 14:50:00,18677.29,18681.61,18674.92,18679.24
2024-05-21 14:55:00,18679.32,18683.07,18678.64,18682.67
2024-05-21 15:00:00,18682.6,18686.72,18681.63,18681.63
2024-05-21 15:05:00,18681.68,18687.58,18679.14,18686.07
2024-05-21 15:10:00,18686.01,18695.33,18686.01,18693.78
2024-05-21 15:15:00,18693.67,18698.67,18690.49,18694.61
2024-05-21 15:20:00,18694.61,18695.4,18688.11,18689.71
2024-05-21 15:25:00,18689.65,18690.02,18681.95,18688.07
2024-05-21 15:30:00,18687.91,18699.25,18686.77,18699.01
2024-05-21 15:35:00,18699.06,18710.23,18699.06,18704.65
2024-05-21 15:40:00,18704.28,18704.28,18697.24,18697.83
2024-05-21 15:45:00,18697.85,18698.79,18693.88,18696.1
2024-05-21 15:50:00,18695.73,18715.63,18692.48,18714.51
2024-05-21 15:55:00,18711.78,18721.18,18709.69,18713.35
2024-05-21 16:00:00,18714.38,18714.38,18713.8,18713.8
2024-05-22 09:30:00,18733.54,18750.25,18732.69,18742.03
2024-05-22 09:35:00,18740.07,18743.99,18722.02,18728.58
2024-05-22 09:40:00,18728.65,18733.96,18710.89,18731.33
2024-05-22 09:45:00,18731.76,18740.49,18729.31,18739.31
2024-05-22 09:50:00,18739.56,18747.98,18734.69,18737.09
2024-05-22 09:55:00,18736.67,18744.36,18731.97,18742.88
2024-05-22 10:00:00,18742.82,18744.98,18735.5,18736.01
2024-05-22 10:05:00,18736.14,18744.53,18727.73,18731.09
2024-05-22 10:10:00,18731.17,18740.92,18724.32,18740.92
2024-05-22 10:15:00,18740.5,18745.14,18735.45,18738.21
2024-05-22 10:20:00,18737.64,18740.66,18727.58,18735.2
2024-05-22 10:25:00,18735.26,18739.8,18724.63,18736.53
2024-05-22 10:30:00,18736.38,18736.44,18728.65,18734.36
2024-05-22 10:35:00,18734.38,18736.27,18729.71,18734.88
2024-05-22 10:40:00,18734.84,18741.16,18725.7,18727.16
2024-05-22 10:45:00,18726.87,18732.62,18725.75,18728.68
2024-05-22 10:50:00,18728.6,18732.42,18726.13,18731.59
2024-05-22 10:55:00,18731.6,18739.94,18729.21,18737.79
2024-05-22 11:00:00,18737.71,18746.54,18733.5,18746.54
2024-05-22 11:05:00,18746.75,18755.84,18746.75,18748.65
2024-05-22 11:10:00,18748.5,18755.98,18748.32,18751.49
2024-05-22 11:15:00,18751.76,18753.41,18747.31,18752.4
2024-05-22 11:20:00,18752.4,18755.93,18751.18,18751.25
2024-05-22 11:25:00,18751.12,18754.56,18749.49,18752.65
2024-05-22 11:30:00,18752.46,18756.69,18749.66,18751.82
2024-05-22 11:35:00,18751.95,18752.55,18747.8,18751.89
2024-05-22 11:40:00,18751.81,18753.38,18747.95,18748.85
2024-05-22 11:45:00,18748.9,18749.63,18743.71,18743.71
2024-05-22 11:50:00,18743.71,18744.05,18723.53,18731.44
2024-05-22 11:55:00,18731.24,18739.34,18730.77,18738.16
2024-05-22 12:00:00,18738.17,18738.27,18734.07,18736.11
2024-05-22 12:05:00,18736.12,18748.15,18735.67,18746.3
2024-05-22 12:10:00,18746.35,18750.82,18744.27,18746.66
2024-05-22 12:15:00,18746.61,18747.97,18745.19,18747.33
2024-05-22 12:20:00,18747.23,18748.88,18743.28,18744.13
2024-05-22 12:25:00,18743.75,18743.75,18739.2,18739.43
2024-05-22 12:30:00,18739.58,18741.59,18733.01,18733.59
2024-05-22 12:35:00,18733.56,18734.92,18727.82,18733.44
2024-05-22 12:40:00,18733.9,18738.59,18733.82,18738.08
2024-05-22 12:45:00,18738.14,18738.31,18717.94,18718.69
2024-05-22 12:50:00,18718.66,18720.46,18711.62,18719.8
2024-05-22 12:55:00,18719.79,18723.94,18718.89,18721.68
2024-05-22 13:00:00,18721.62,18729.3,18720.25,18724.51
2024-05-22 13:05:00,18724.59,18731.88,18724.51,18730.34
2024-05-22 13:10:00,18730.14,18734.22,18729.53,18734.06
2024-05-22 13:15:00,18734.1,18739.84,18734.08,18736.78
2024-05-22 13:20:00,18736.78,18742.32,18736.33,18740.77
2024-05-22 13:25:00,18740.82,18741.93,18736.24,18737.05
2024-05-22 13:30:00,18737.0,18737.0,18725.79,18728.29
2024-05-22 13:35:00,18728.4,18728.4,18692.35,18698.22
2024-05-22 13:40:00,18698.27,18701.09,18675.83,18676.93
2024-05-22 13:45:00,18678.11,18689.53,18672.15,18678.79
2024-05-22 13:50:00,18678.76,18686.17,18678.41,18678.68
2024-05-22 13:55:00,18678.75,18688.6,18668.9,18688.43
2024-05-22 14:00:00,18688.52,18688.52,18629.49,18647.17
2024-05-22 14:05:00,18647.58,18671.81,18646.95,18671.48
2024-05-22 14:10:00,18671.39,18674.37,18663.43,18667.37
2024-05-22 14:15:00,18667.37,18672.0,18653.0,18658.64
2024-05-22 14:20:00,18658.86,18658.87,18616.14,18638.91
2024-05-22 14:25:00,18638.87,18643.77,18612.7,18613.1
2024-05-22 14:30:00,18613.15,18626.27,18612.09,18622.76
2024-05-22 14:35:00,18622.65,18627.43,18612.1,18618.24
2024-05-22 14:40:00,18618.21,18621.0,18606.16,18615.93
2024-05-22 14:45:00,18615.65,18643.87,18614.94,18642.8
2024-05-22 14:50:00,18643.07,18648.51,18638.3,18638.91
2024-05-22 14:55:00,18638.86,18648.44,18637.09,18648.44
2024-05-22 15:00:00,18648.34,18654.2,18645.83,18653.96
2024-05-22 15:05:00,18654.02,18656.22,18651.35,18655.63
2024-05-22 15:10:00,18655.49,18655.69,18646.88,18648.34
2024-05-22 15:15:00,18648.22,18654.07,18619.65,18624.09
2024-05-22 15:20:00,18624.15,18653.24,18624.15,18653.24
2024-05-22 15:25:00,18653.14,18657.52,18650.41,18657.52
2024-05-22 15:30:00,18657.99,18694.18,18657.72,18690.32
2024-05-22 15:35:00,18690.24,18696.96,18674.62,18674.68
2024-05-22 15:40:00,18674.62,18678.83,18654.91,18656.2
2024-05-22 15:45:00,18656.51,18664.62,18651.98,18651.98
2024-05-22 15:50:00,18643.22,18668.7,18633.94,18667.02
2024-05-22 15:55:00,18672.42,18706.81,18672.42,18704.91
2024-05-22 16:00:00,18707.18,18707.18,18705.2,18705.2
2024-05-23 09:30:00,18907.14,18907.54,18866.25,18866.96
2024-05-23 09:35:00,18862.93,18886.08,18860.52,18867.14
2024-05-23 09:40:00,18867.83,18867.83,18842.5,18852.21
2024-05-23 09:45:00,18839.14,18858.3,18819.93,18834.43
2024-05-23 09:50:00,18834.28,18835.78,18778.3,18784.57
2024-05-23 09:55:00,18784.63,18788.27,18767.75,18780.28
2024-05-23 10:00:00,18780.67,18805.52,18779.1,18793.26
2024-05-23 10:05:00,18794.2,18806.24,18781.44,18801.59
2024-05-23 10:10:00,18801.48,18830.9,18801.48,18829.82
2024-05-23 10:15:00,18829.68,18837.96,18812.73,18819.37
2024-05-23 10:20:00,18820.44,18821.67,18788.54,18801.26
2024-05-23 10:25:00,18801.17,18818.96,18792.66,18818.47
2024-05-23 10:30:00,18821.25,18831.77,18804.79,18820.28
2024-05-23 10:35:00,18820.5,18838.13,18819.29,18837.66
2024-05-23 10:40:00,18837.9,18839.54,18810.26,18814.49
2024-05-23 10:45:00,18814.86,18820.85,18794.32,18796.21
2024-05-23 10:50:00,18796.09,18796.09,18766.3,18766.3
2024-05-23 10:55:00,18766.16,18766.47,18733.49,18736.43
2024-05-23 11:00:00,18736.88,18772.99,18735.51,18769.09
2024-05-23 11:05:00,18768.75,18811.47,18763.71,18810.37
2024-05-23 11:10:00,18810.85,18818.87,18803.67,18807.75
2024-05-23 11:15:00,18808.24,18817.2,18804.14,18807.6
2024-05-23 11:20:00,18807.62,18822.68,18807.62,18822.29
2024-05-23 11:25:00,18822.23,18824.22,18814.87,18822.62
2024-05-23 11:30:00,18822.66,18831.24,18822.66,18829.87
2024-05-23 11:35:00,18830.09,18848.46,18829.48,18845.54
2024-05-23 11:40:00,18845.4,18849.66,18839.74,18844.83
2024-05-23 11:45:00,18844.41,18847.44,18840.64,18844.67
2024-05-23 11:50:00,18844.62,18854.94,18844.44,18849.52
2024-05-23 11:55:00,18849.66,18855.35,18843.7,18844.92
2024-05-23 12:00:00,18844.89,18859.85,18838.48,18849.37
2024-05-23 12:05:00,18849.22,18849.6,18832.42,18835.79
2024-05-23 12:10:00,18835.87,18836.2,18818.17,18824.43
2024-05-23 12:15:00,18824.51,18837.84,18822.51,18837.83
2024-05-23 12:20:00,18837.91,18844.43,18834.65,18843.89
2024-05-23 12:25:00,18843.61,18853.54,18842.04,18853.54
2024-05-23 12:30:00,18853.41,18854.72,18848.26,18848.74
2024-05-23 12:35:00,18848.74,18854.02,18845.69,18845.69
2024-05-23 12:40:00,18845.43,18845.65,18825.31,18827.34
2024-05-23 12:45:00,18827.23,18827.31,18799.43,18803.48
2024-05-23 12:50:00,18803.47,18803.47,18784.77,18792.21
2024-05-23 12:55:00,18791.46,18795.83,18777.61,18777.61
2024-05-23 13:00:00,18777.05,18781.53,18759.81,18761.87
2024-05-23 13:05:00,18762.78,18773.85,18762.78,18768.53
2024-05-23 13:10:00,18768.0,18784.16,18763.46,18784.16
2024-05-23 13:15:00,18783.92,18787.68,18763.15,18764.05
2024-05-23 13:20:00,18763.69,18764.39,18749.17,18763.01
2024-05-23 13:25:00,18763.01,18775.62,18757.36,18775.24
2024-05-23 13:30:00,18775.22,18775.22,18762.2,18764.78
2024-05-23 13:35:00,18764.68,18764.87,18714.81,18715.1
2024-05-23 13:40:00,18715.14,18735.67,18693.7,18696.2
2024-05-23 13:45:00,18695.99,18703.38,18692.89,18695.24
2024-05-23 13:50:00,18695.26,18702.88,18669.79,18676.21
2024-05-23 13:55:00,18676.25,18676.62,18646.66,18647.3
2024-05-23 14:00:00,18646.98,18650.75,18625.59,18626.14
2024-05-23 14:05:00,18625.51,18640.56,18614.79,18638.62
2024-05-23 14:10:00,18638.5,18643.38,18618.54,18634.25
2024-05-23 14:15:00,18633.76,18649.68,18610.32,18611.08
2024-05-23 14:20:00,18610.27,18627.38,18601.27,18601.27
2024-05-23 14:25:00,18601.04,18627.07,18600.62,18612.48
2024-05-23 14:30:00,18611.72,18611.72,18586.81,18598.9
2024-05-23 14:35:00,18598.89,18623.35,18591.88,18623.12
2024-05-23 14:40:00,18622.65,18627.09,18593.69,18593.69
2024-05-23 14:45:00,18593.72,18601.43,18576.31,18582.45
2024-05-23 14:50:00,18582.45,18585.02,18562.83,18563.61
2024-05-23 14:55:00,18564.01,18570.85,18561.7,18564.95
2024-05-23 15:00:00,18564.26,18589.17,18563.05,18569.52
2024-05-23 15:05:00,18569.79,18576.51,18554.89,18572.97
2024-05-23 15:10:00,18572.99,18574.79,18556.86,18573.26
2024-05-23 15:15:00,18573.09,18587.88,18560.63,18578.93
2024-05-23 15:20:00,18580.59,18591.38,18571.06,18579.14
2024-05-23 15:25:00,18578.83,18587.56,18576.03,18580.27
2024-05-23 15:30:00,18580.21,18606.7,18580.21,18606.42
2024-05-23 15:35:00,18606.43,18617.8,18605.7,18616.12
2024-05-23 15:40:00,18616.07,18624.57,18606.9,18621.83
2024-05-23 15:45:00,18621.4,18621.67,18609.8,18617.93
2024-05-23 15:50:00,18631.35,18641.84,18614.65,18635.35
2024-05-23 15:55:00,18627.58,18629.31,18606.16,18623.13
2024-05-23 16:00:00,18625.21,18625.21,18623.39,18623.39
2024-05-24 09:30:00,18669.36,18702.41,18664.79,18702.41
2024-05-24 09:35:00,18702.31,18704.23,18672.66,18676.68
2024-05-24 09:40:00,18675.74,18702.94,18671.89,18702.12
2024-05-24 09:45:00,18702.49,18715.75,18684.39,18692.54
2024-05-24 09:50:00,18692.54,18692.68,18666.71,18667.7
2024-05-24 09:55:00,18667.81,18685.66,18667.81,18684.12
2024-05-24 10:00:00,18694.53,18724.42,18693.71,18711.16
2024-05-24 10:05:00,18711.84,18725.73,18708.84,18718.34
2024-05-24 10:10:00,18718.49,18731.34,18718.16,18721.18
2024-05-24 10:15:00,18721.6,18744.43,18721.6,18744.41
2024-05-24 10:20:00,18744.67,18751.71,18734.01,18749.74
2024-05-24 10:25:00,18749.57,18764.12,18746.51,18760.31
2024-05-24 10:30:00,18762.09,18769.66,18756.32,18766.52
2024-05-24 10:35:00,18766.47,18766.89,18753.81,18759.34
2024-05-24 10:40:00,18758.82,18763.82,18747.98,18749.19
2024-05-24 10:45:00,18749.65,18768.58,18747.04,18767.77
2024-05-24 10:50:00,18768.04,18780.97,18765.34,18780.92
2024-05-24 10:55:00,18780.96,18793.49,18780.73,18789.98
2024-05-24 11:00:00,18789.95,18815.06,18788.47,18814.91
2024-05-24 11:05:00,18814.77,18821.59,18811.58,18820.77
2024-05-24 11:10:00,18820.64,18844.67,18819.45,18842.02
2024-05-24 11:15:00,18842.44,18843.56,18836.1,18843.33
2024-05-24 11:20:00,18842.88,18844.85,18837.98,18841.45
2024-05-24 11:25:00,18841.53,18841.62,18828.05,18828.24
2024-05-24 11:30:00,18828.33,18842.1,18828.33,18840.63
2024-05-24 11:35:00,18840.82,18841.19,18816.05,18816.39
2024-05-24 11:40:00,18816.27,18836.61,18816.05,18834.23
2024-05-24 11:45:00,18834.19,18834.19,18819.03,18823.74
2024-05-24 11:50:00,18823.72,18830.28,18812.2,18830.28
2024-05-24 11:55:00,18830.34,18832.46,18820.65,18826.41
2024-05-24 12:00:00,18826.43,18829.21,18821.31,18824.88
2024-05-24 12:05:00,18825.01,18829.15,18822.37,18824.7
2024-05-24 12:10:00,18824.75,18834.14,18823.57,18831.82
2024-05-24 12:15:00,18831.94,18842.1,18831.27,18838.23
2024-05-24 12:20:00,18838.18,18838.29,18832.95,18834.88
2024-05-24 12:25:00,18834.97,18844.43,18834.1,18834.8
2024-05-24 12:30:00,18834.91,18837.86,18832.43,18833.62
2024-05-24 12:35:00,18833.62,18834.99,18821.95,18821.95
2024-05-24 12:40:00,18821.91,18827.05,18820.63,18824.95
2024-05-24 12:45:00,18824.92,18826.21,18820.28,18823.81
2024-05-24 12:50:00,18823.82,18837.75,18821.92,18837.73
2024-05-24 12:55:00,18837.76,18838.1,18813.63,18813.75
2024-05-24 13:00:00,18814.17,18822.87,18814.17,18814.27
2024-05-24 13:05:00,18814.27,18815.65,18805.23,18807.68
2024-05-24 13:10:00,18807.66,18820.24,18805.43,18820.24
2024-05-24 13:15:00,18820.38,18821.01,18812.62,18817.91
2024-05-24 13:20:00,18817.92,18823.37,18814.96,18823.37
2024-05-24 13:25:00,18823.7,18831.9,18823.7,18825.38
2024-05-24 13:30:00,18825.39,18825.39,18809.91,18812.23
2024-05-24 13:35:00,18812.24,18820.6,18812.24,18820.6
2024-05-24 13:40:00,18820.66,18820.77,18811.64,18814.13
2024-05-24 13:45:00,18814.02,18817.48,18810.41,18817.35
2024-05-24 13:50:00,18817.4,18828.08,18816.7,18827.16
2024-05-24 13:55:00,18827.09,18836.38,18827.09,18831.15
2024-05-24 14:00:00,18831.23,18843.46,18829.2,18842.74
2024-05-24 14:05:00,18842.68,18850.1,18841.71,18848.35
2024-05-24 14:10:00,18848.44,18848.7,18837.25,18844.44
2024-05-24 14:15:00,18844.15,18851.99,18842.88,18849.38
2024-05-24 14:20:00,18849.37,18850.24,18827.13,18827.13
2024-05-24 14:25:00,18826.23,18831.81,18825.51,18827.43
2024-05-24 14:30:00,18827.38,18827.93,18817.04,18818.27
2024-05-24 14:35:00,18818.35,18823.69,18814.04,18823.69
2024-05-24 14:40:00,18823.75,18824.99,18816.46,18816.78
2024-05-24 14:45:00,18816.21,18821.56,18816.09,18819.41
2024-05-24 14:50:00,18819.12,18821.3,18812.48,18812.76
2024-05-24 14:55:00,18812.62,18813.85,18803.29,18804.12
2024-05-24 15:00:00,18803.37,18803.37,18771.68,18780.97
2024-05-24 15:05:00,18781.01,18792.09,18780.86,18787.1
2024-05-24 15:10:00,18787.09,18795.91,18786.81,18792.3
2024-05-24 15:15:00,18791.68,18797.28,18787.72,18797.28
2024-05-24 15:20:00,18797.6,18797.6,18790.85,18793.47
2024-05-24 15:25:00,18793.47,18798.58,18791.4,18792.06
2024-05-24 15:30:00,18792.03,18802.26,18788.73,18800.17
2024-05-24 15:35:00,18800.05,18809.85,18795.54,18806.9
2024-05-24 15:40:00,18806.88,18806.88,18791.38,18793.3
2024-05-24 15:45:00,18793.27,18798.68,18788.72,18788.72
2024-05-24 15:50:00,18792.02,18801.98,18787.53,18801.16
2024-05-24 15:55:00,18802.89,18809.85,18790.77,18809.07
2024-05-24 16:00:00,18809.41,18809.41,18808.35,18808.35
