2022.03.01,00:00,14225.47,14332.58,13907.07,14033.17,283922
2022.03.02,00:00,14025.51,14294.45,13916.90,14201.14,277878
2022.03.03,00:00,14199.41,14394.66,13959.40,14060.06,251985
2022.03.04,00:00,14068.82,14086.82,13735.89,13802.30,300519
2022.03.07,00:00,13764.88,13881.04,13265.81,13270.16,314835
2022.03.08,00:00,13283.12,13665.55,13105.03,13198.61,321953
2022.03.09,00:00,13193.83,13820.53,13193.83,13773.60,299538
2022.03.10,00:00,13775.35,13775.35,13400.78,13574.96,279367
2022.03.11,00:00,13575.34,13861.93,13284.73,13304.47,219369
2022.03.14,00:00,13364.10,13445.14,13016.94,13080.84,228065
2022.03.15,00:00,13081.45,13487.05,12943.84,13445.06,250771
2022.03.16,00:00,13445.71,14027.13,13415.56,14000.13,267268
2022.03.17,00:00,13994.25,14135.09,13819.92,14056.07,249833
2022.03.18,00:00,14059.73,14445.34,13970.04,14438.44,239329
2022.03.21,00:00,14409.96,14470.98,14191.05,14396.92,244395
2022.03.22,00:00,14392.11,14691.37,14295.66,14654.98,231355
2022.03.23,00:00,14653.67,14684.80,14442.81,14463.51,232102
2022.03.24,00:00,14462.55,14768.35,14436.55,14761.59,231791
2022.03.25,00:00,14763.59,14838.23,14575.42,14750.26,232451
2022.03.28,00:00,14755.63,14994.34,14657.41,14978.92,247586
2022.03.29,00:00,14978.85,15265.26,14953.94,15219.57,242296
2022.03.30,00:00,15221.02,15257.47,15010.38,15102.08,238276
2022.03.31,00:00,15096.43,15178.06,14851.60,14911.17,231109
2022.04.01,00:00,14913.62,14952.94,14722.40,14846.26,237662
2022.04.04,00:00,14853.02,15170.98,14797.39,15155.39,198134
2022.04.05,00:00,15151.19,15191.37,14776.35,14855.70,211039
2022.04.06,00:00,14854.23,14854.48,14390.67,14489.36,264839
2022.04.07,00:00,14488.88,14627.57,14315.84,14527.52,265958
2022.04.08,00:00,14528.65,14634.68,14307.04,14325.00,240128
2022.04.11,00:00,14342.10,14367.05,13979.78,13997.16,262271
2022.04.12,00:00,13999.84,14279.45,13877.33,13947.16,277074
2022.04.13,00:00,13950.59,14260.01,13918.13,14205.43,242859
2022.04.14,00:00,14208.76,14290.48,13875.12,13889.91,236743
2022.04.18,00:00,13892.14,14001.25,13730.05,13963.25,212780
2022.04.19,00:00,13961.76,14237.50,13827.14,14092.55,247733
2022.04.20,00:00,14093.91,14294.28,13956.95,14066.14,261215
2022.04.21,00:00,14067.19,14277.28,13667.31,13715.23,266616
2022.04.22,00:00,13713.79,13776.13,13296.78,13313.65,283720
2022.04.25,00:00,13335.90,13548.05,13183.48,13525.98,332466
2022.04.26,00:00,13523.55,13581.45,12800.67,12814.46,281200
2022.04.27,00:00,12884.73,13254.21,12877.24,13168.29,332784
2022.04.28,00:00,13190.47,13539.24,13035.40,13307.95,295949
2022.04.29,00:00,13202.58,13432.34,12833.99,12890.68,297917
2022.05.02,00:00,12894.04,13083.60,12710.67,13050.32,317822
2022.05.03,00:00,13051.97,13183.47,12969.85,13120.99,285105
2022.05.04,00:00,13118.99,13556.14,12884.41,13496.46,245355
2022.05.05,00:00,13505.29,13546.80,12708.98,12900.59,286924
2022.05.06,00:00,12883.97,12928.25,12520.15,12666.15,324565
2022.05.09,00:00,12604.21,12637.44,12135.15,12203.57,309343
2022.05.10,00:00,12212.80,12545.07,12102.18,12331.32,313883
2022.05.11,00:00,12325.77,12551.36,11938.65,12007.90,302417
2022.05.12,00:00,12001.44,12131.74,11689.57,11872.05,332092
2022.05.13,00:00,11889.64,12429.88,11889.64,12362.14,271357
2022.05.16,00:00,12407.43,12496.50,12189.61,12235.00,285208
2022.05.17,00:00,12231.73,12575.24,12231.73,12571.67,254047
2022.05.18,00:00,12567.34,12588.32,11858.49,11889.05,258585
2022.05.19,00:00,11899.54,12071.61,11700.90,11894.48,319478
2022.05.20,00:00,11895.27,12092.62,11489.86,11834.87,279869
2022.05.23,00:00,11864.39,12072.14,11781.26,12052.68,280719
2022.05.24,00:00,11911.55,11911.55,11574.36,11807.41,282440
2022.05.25,00:00,11803.68,12028.27,11669.82,11887.93,281322
2022.05.26,00:00,11880.68,12340.85,11844.13,12255.96,252359
2022.05.27,00:00,12247.06,12718.31,12219.95,12715.53,226400
2022.05.30,00:00,12706.28,12880.68,12671.80,12808.18,109009
2022.05.31,00:00,12809.05,12824.05,12479.55,12650.73,284574
2022.06.01,00:00,12659.32,12820.80,12454.10,12545.08,260087
2022.06.02,00:00,12544.00,12899.54,12439.04,12893.05,247572
2022.06.03,00:00,12893.07,12941.43,12501.70,12546.37,242515
2022.06.06,00:00,12547.00,12805.84,12524.26,12602.32,239748
2022.06.07,00:00,12600.45,12736.50,12410.43,12676.72,238330
2022.06.08,00:00,12676.15,12779.14,12577.06,12616.76,234775
2022.06.09,00:00,12614.94,12722.27,12253.31,12294.57,244630
2022.06.10,00:00,12299.34,12336.94,11822.01,11856.73,215517
2022.06.13,00:00,11765.02,11765.02,11253.54,11326.70,261427
2022.06.14,00:00,11332.39,11502.00,11202.47,11326.21,276144
2022.06.15,00:00,11330.37,11755.38,11324.07,11587.80,270838
2022.06.16,00:00,11609.61,11732.68,11036.64,11170.16,300038
2022.06.17,00:00,11172.80,11359.73,11086.24,11271.08,293998
2022.06.20,00:00,11297.22,11401.21,11239.76,11385.25,126340
2022.06.21,00:00,11389.63,11638.16,11362.13,11546.44,221853
2022.06.22,00:00,11531.43,11709.38,11284.38,11507.63,249841
2022.06.23,00:00,11506.13,11731.67,11424.13,11652.17,268552
2022.06.24,00:00,11653.17,12112.05,11649.54,12096.07,214563
2022.06.27,00:00,12102.20,12225.79,11960.50,12040.00,247250
2022.06.28,00:00,12041.63,12139.75,11627.75,11646.75,241610
2022.06.29,00:00,11646.88,11714.13,11530.50,11656.13,242869
2022.06.30,00:00,11656.25,11661.50,11316.63,11480.13,262280
2022.07.01,00:00,11478.42,11598.88,11353.13,11583.00,264346
2022.07.04,00:00,11579.13,11588.88,11471.13,11523.63,98376
2022.07.05,00:00,11520.75,11786.63,11355.63,11782.50,255847
2022.07.06,00:00,11793.38,11942.82,11699.50,11871.19,256634
2022.07.07,00:00,11869.57,12137.38,11805.69,12089.64,205929
2022.07.08,00:00,12083.49,12180.83,11921.76,12128.40,228272
2022.07.11,00:00,12118.95,12118.95,11825.11,11873.16,218929
2022.07.12,00:00,11871.83,11997.98,11683.46,11749.49,241711
2022.07.13,00:00,11749.67,11936.86,11448.76,11700.76,262490
2022.07.14,00:00,11696.56,11804.11,11480.50,11776.24,264108
2022.07.15,00:00,11780.88,11992.58,11711.31,11990.61,227997
2022.07.18,00:00,12016.84,12157.88,11831.88,11889.57,211359
2022.07.19,00:00,11885.33,12297.92,11864.28,12290.14,206948
2022.07.20,00:00,12301.63,12489.60,12208.01,12399.77,232516
2022.07.21,00:00,12405.16,12628.20,12348.66,12546.06,245269
2022.07.22,00:00,12532.64,12669.85,12319.84,12400.94,219654
2022.07.25,00:00,12420.97,12473.20,12241.97,12300.60,212344
2022.07.26,00:00,12285.50,12308.37,12045.65,12170.47,197800
2022.07.27,00:00,12165.03,12665.75,12165.03,12557.12,206495
2022.07.28,00:00,12555.61,12924.88,12428.66,12900.45,224069
2022.07.29,00:00,12891.38,12984.99,12721.51,12953.98,212040
2022.08.01,00:00,12960.80,13086.33,12831.75,12958.57,214017
2022.08.02,00:00,12952.25,13075.53,12794.97,12900.67,235531
2022.08.03,00:00,12901.33,13288.79,12847.62,13227.73,212497
2022.08.04,00:00,13223.19,13332.82,13164.65,13308.28,209936
2022.08.05,00:00,13305.50,13361.89,13068.21,13194.66,207622
2022.08.08,00:00,13208.24,13398.72,13100.93,13191.84,213902
2022.08.09,00:00,13185.08,13212.31,12942.82,13032.82,202957
2022.08.10,00:00,13027.69,13385.69,12961.12,13359.20,200552
2022.08.11,00:00,13358.10,13553.56,13268.57,13326.64,210095
2022.08.12,00:00,13323.93,13562.29,13291.54,13560.33,179244
2022.08.15,00:00,13552.93,13684.90,13475.28,13657.53,173823
2022.08.16,00:00,13653.78,13721.47,13505.34,13643.65,187761
2022.08.17,00:00,13634.45,13647.55,13387.11,13487.92,213293
2022.08.18,00:00,13480.56,13555.70,13388.43,13517.16,194963
2022.08.19,00:00,13512.09,13512.09,13210.28,13229.89,191960
2022.08.22,00:00,13207.35,13207.35,12859.23,12915.34,200089
2022.08.23,00:00,12915.26,13001.15,12806.58,12872.29,211165
2022.08.24,00:00,12873.98,12996.61,12810.06,12939.91,191391
2022.08.25,00:00,12927.31,13147.34,12909.37,13130.43,191817
2022.08.26,00:00,13140.09,13206.79,12545.70,12547.14,220226
2022.08.29,00:00,12474.17,12598.80,12391.16,12493.66,243312
2022.08.30,00:00,12491.90,12646.56,12237.40,12348.48,237653
2022.08.31,00:00,12354.65,12501.89,12267.33,12294.46,235227
2022.09.01,00:00,12269.55,12288.49,12009.63,12280.68,260904
2022.09.02,00:00,12284.47,12453.38,12034.83,12123.55,253043
2022.09.05,00:00,12107.09,12162.27,12049.26,12132.39,114534
2022.09.06,00:00,12131.52,12238.77,11925.89,12014.64,246956
2022.09.07,00:00,12014.02,12298.53,11917.64,12256.74,231300
2022.09.08,00:00,12260.81,12375.29,12112.29,12343.17,237895
2022.09.09,00:00,12339.32,12610.51,12326.09,12589.13,179593
2022.09.12,00:00,12624.78,12770.35,12571.44,12768.04,196447
2022.09.13,00:00,12767.95,12887.92,12005.13,12048.20,225151
2022.09.14,00:00,12050.14,12171.00,11998.82,12167.84,257026
2022.09.15,00:00,12158.59,12185.02,11865.42,11899.74,232100
2022.09.16,00:00,11880.83,11887.91,11707.91,11886.91,235860
2022.09.19,00:00,11849.38,11992.22,11719.75,11972.07,215056
2022.09.26,00:00,11302.90,11475.23,11195.88,11251.55,297668
2022.09.27,00:00,11252.09,11505.08,11172.37,11291.96,270145
2022.09.28,00:00,11301.56,11547.24,11081.70,11474.59,308428
2022.09.29,00:00,11478.50,11499.10,11038.50,11175.26,288917
2022.09.30,00:00,11168.11,11297.34,10967.15,11000.16,294660
2022.10.03,00:00,10973.93,11296.63,10836.34,11248.71,270748
2022.10.04,00:00,11248.60,11609.59,11219.84,11581.40,259041
2022.10.05,00:00,11575.88,11649.12,11308.33,11567.02,253278
2022.10.06,00:00,11566.52,11667.87,11447.75,11447.75,266702
2022.10.07,00:00,11435.61,11505.86,10989.54,11041.15,249851
2022.10.10,00:00,11013.30,11078.50,10822.13,10938.25,249537
2022.10.11,00:00,10931.00,10984.30,10714.23,10825.47,279883
2022.10.12,00:00,10818.44,10920.67,10752.10,10799.17,274385
2022.10.13,00:00,10804.56,11087.71,10431.04,11012.27,265022
2022.10.14,00:00,11012.20,11200.10,10679.21,10698.23,284003
2022.10.17,00:00,10675.74,11092.52,10669.63,11081.98,245677
2022.10.18,00:00,11108.11,11378.48,11032.45,11271.25,268213
2022.10.19,00:00,11268.57,11329.49,11003.13,11103.09,259699
2022.10.20,00:00,11090.21,11281.78,10961.59,11014.71,268126
2022.10.21,00:00,11017.24,11339.80,10893.26,11331.13,261602
2022.10.24,00:00,11348.36,11485.96,11163.88,11412.67,301423
2022.10.25,00:00,11408.37,11686.92,11384.46,11541.06,248637
2022.10.26,00:00,11465.46,11656.15,11368.66,11426.42,265792
2022.10.27,00:00,11370.12,11489.55,10885.03,11054.74,273773
2022.10.28,00:00,11081.66,11582.63,11019.62,11582.62,252220
2022.10.31,00:00,11530.27,11547.16,11326.13,11411.38,215051
2022.11.01,00:00,11414.88,11578.13,11247.42,11279.57,226621
2022.11.02,00:00,11278.63,11418.31,10872.95,10905.73,230931
2022.11.03,00:00,10898.34,10959.41,10672.83,10693.50,244963
2022.11.04,00:00,10676.88,10938.50,10601.50,10838.75,260061
2022.11.07,00:00,10752.38,11001.07,10717.50,10976.76,235666
2022.11.08,00:00,10973.40,11193.08,10894.56,11052.49,230812
2022.11.09,00:00,11053.04,11124.75,10789.34,10809.29,249846
2022.11.10,00:00,10807.74,11642.57,10793.62,11641.33,247991
2022.11.11,00:00,11634.29,11841.10,11537.18,11800.08,251388
2022.11.14,00:00,11755.84,11862.96,11666.88,11732.33,220387
2022.11.15,00:00,11733.64,12083.15,11725.64,11859.29,259621
2022.11.16,00:00,11840.20,11922.57,11667.87,11732.30,243631
2022.11.17,00:00,11737.17,11788.12,11489.80,11711.27,232976
2022.11.18,00:00,11712.95,11807.96,11576.77,11679.74,219588
2022.11.21,00:00,11706.95,11708.20,11523.37,11557.72,211964
2022.11.22,00:00,11556.52,11732.17,11495.91,11712.01,189988
2022.11.23,00:00,11715.04,11868.45,11692.73,11853.18,191821
2022.11.24,00:00,11854.81,11908.68,11850.06,11888.93,75790
2022.11.25,00:00,11890.68,11899.68,11742.93,11762.18,117958
2022.11.28,00:00,11707.68,11765.13,11552.58,11600.13,203816
2022.11.29,00:00,11601.40,11681.18,11446.62,11498.78,207523
2022.11.30,00:00,11497.45,12056.95,11476.43,12054.70,228969
2022.12.01,00:00,12057.58,12122.62,11924.18,12017.57,232590
2022.12.02,00:00,12018.95,12049.21,11722.63,11960.72,217035
2022.12.05,00:00,11991.92,11996.54,11730.25,11796.68,203948
2022.12.06,00:00,11792.10,11829.88,11488.66,11552.07,226181
2022.12.07,00:00,11552.14,11582.98,11410.25,11485.47,225143
2022.12.08,00:00,11487.97,11674.88,11421.55,11627.00,210810
2022.12.09,00:00,11630.68,11725.94,11509.82,11544.07,187236
2022.12.12,00:00,11548.57,11708.10,11517.80,11688.32,167238
2022.12.13,00:00,11692.32,12208.69,11672.01,11825.52,236313
2022.12.14,00:00,11824.43,11941.39,11605.89,11764.94,215449
2022.12.15,00:00,11759.71,11774.92,11299.14,11342.90,224927
2022.12.16,00:00,11339.01,11384.00,11169.13,11212.50,225814
2022.12.19,00:00,11223.25,11305.71,11027.47,11079.53,194353
2022.12.20,00:00,11078.85,11143.47,10939.89,11089.28,236704
2022.12.21,00:00,11102.56,11286.51,11079.76,11252.88,207161
2022.12.22,00:00,11255.34,11282.53,10780.07,10950.98,209149
2022.12.23,00:00,10966.99,11048.38,10825.03,10973.96,200078
2022.12.27,00:00,11024.58,11090.21,10803.46,10820.72,186123
2022.12.28,00:00,10826.70,10905.59,10668.33,10693.00,199961
2022.12.29,00:00,10694.51,10982.93,10691.57,10942.85,178623
2022.12.30,00:00,10945.63,10967.50,10772.27,10957.13,180270
2023.01.03,00:00,11040.50,11096.75,10766.13,10861.54,236225
2023.01.04,00:00,10859.30,10982.13,10781.82,10901.07,216190
2023.01.05,00:00,10908.96,10962.65,10728.30,10759.39,214176
2023.01.06,00:00,10759.82,11082.39,10674.81,11028.55,204284
2023.01.09,00:00,11049.92,11306.08,11044.28,11105.41,199175
2023.01.10,00:00,11105.97,11210.99,11017.62,11203.40,199899
2023.01.11,00:00,11205.20,11400.83,11163.15,11396.78,182221
2023.01.12,00:00,11396.35,11502.20,11217.06,11449.67,223794
2023.01.13,00:00,11453.08,11548.71,11319.47,11530.48,194279
2023.01.16,00:00,11546.15,11570.77,11440.88,11498.00,76500
2023.01.17,00:00,11504.25,11619.38,11464.50,11554.60,184417
2023.01.18,00:00,11553.55,11691.61,11401.27,11415.59,201334
2023.01.19,00:00,11404.12,11420.55,11248.21,11329.59,198084
2023.01.20,00:00,11340.57,11623.57,11302.82,11615.51,176838
2023.01.23,00:00,11618.16,11922.25,11591.38,11874.13,176316
2023.01.24,00:00,11872.38,11946.82,11773.88,11909.17,176890
2023.01.25,00:00,11910.48,11913.08,11547.72,11813.70,203197
2023.01.26,00:00,11811.28,12054.94,11807.82,12002.14,197606
2023.01.27,00:00,11991.53,12250.35,11959.70,12164.34,183038
2023.01.30,00:00,12156.58,12196.47,11906.60,11934.01,208479
2023.01.31,00:00,11930.34,12102.06,11815.89,12065.84,204620
2023.02.01,00:00,12064.71,12467.85,12005.48,12449.72,202196
2023.02.02,00:00,12472.13,12894.66,12446.03,12620.21,244171
2023.02.03,00:00,12691.74,12828.78,12499.69,12566.25,241465
2023.02.06,00:00,12520.38,12557.88,12406.88,12464.57,214302
2023.02.07,00:00,12466.51,12770.86,12413.64,12693.20,220676
2023.02.08,00:00,12705.48,12764.25,12469.88,12514.63,210436
2023.02.09,00:00,12509.88,12682.38,12326.09,12407.34,216578
2023.02.10,00:00,12403.32,12406.71,12201.51,12297.13,223727
2023.02.13,00:00,12313.75,12524.50,12232.75,12502.15,185741
2023.02.14,00:00,12504.45,12640.25,12349.08,12576.75,222632
2023.02.15,00:00,12573.87,12709.86,12482.50,12702.07,200060
2023.02.16,00:00,12694.16,12746.19,12416.62,12426.96,206244
2023.02.17,00:00,12421.36,12423.85,12231.58,12348.66,206933
2023.02.20,00:00,12340.04,12381.54,12310.91,12331.29,72235
2023.02.21,00:00,12332.41,12342.91,12058.74,12077.93,195997
2023.02.22,00:00,12074.22,12158.69,12004.30,12134.04,213409
2023.02.23,00:00,12144.42,12228.65,12002.44,12164.42,200921
2023.02.24,00:00,12160.86,12185.05,11896.85,11974.25,203898
2023.02.27,00:00,11979.50,12163.63,11964.13,12069.29,188867
2023.02.28,00:00,12067.52,12147.47,12001.39,12016.31,184961
2023.03.01,00:00,12011.18,12117.12,11904.01,11962.05,211119
2023.03.02,00:00,11943.42,12074.80,11808.55,12030.05,215664
2023.03.03,00:00,12026.00,12307.38,11991.03,12303.88,184247
2023.03.06,00:00,12286.25,12467.75,12255.38,12302.99,194267
2023.03.07,00:00,12302.47,12363.49,12128.49,12160.22,199294
2023.03.08,00:00,12157.43,12239.69,12095.62,12223.76,215046
2023.03.09,00:00,12219.20,12341.98,11968.12,11998.69,222631
2023.03.10,00:00,11993.51,12098.50,11788.36,11884.52,256374
2023.03.13,00:00,11888.57,12088.50,11682.63,11940.99,267984
2023.03.14,00:00,11949.07,12219.30,11893.81,12197.52,248757
2023.03.15,00:00,12191.00,12274.13,11958.13,12265.00,286904
2023.03.16,00:00,12265.88,12596.89,12180.75,12575.40,253697
2023.03.17,00:00,12571.89,12673.38,12442.02,12520.28,245914
2023.03.20,00:00,12567.31,12624.12,12397.25,12570.92,263441
2023.03.21,00:00,12567.30,12762.67,12547.39,12742.57,193265
2023.03.22,00:00,12740.05,12947.96,12548.97,12570.01,197239
2023.03.23,00:00,12567.12,12901.32,12567.12,12743.33,226264
2023.03.24,00:00,12742.55,12799.63,12601.75,12796.63,235256
2023.03.27,00:00,12790.75,12851.50,12643.79,12692.73,197203
2023.03.28,00:00,12689.59,12711.14,12516.68,12626.64,176698
2023.03.29,00:00,12625.11,12868.31,12620.96,12836.98,166119
2023.03.30,00:00,12838.35,12988.77,12811.38,12967.64,168519
2023.03.31,00:00,12961.17,13187.79,12938.65,13184.25,164338
2023.04.03,00:00,13143.38,13158.40,13032.79,13141.99,180676
2023.04.04,00:00,13137.14,13225.16,13049.25,13110.48,180656
2023.04.05,00:00,13108.74,13126.29,12894.01,12958.88,174156
2023.04.06,00:00,12953.91,13077.84,12843.62,13051.43,174103
2023.04.07,00:00,13046.31,13076.78,13010.65,13071.40,28482
2023.04.10,00:00,13066.15,13090.15,12855.90,13053.98,152940
2023.04.11,00:00,13051.96,13097.26,12945.39,12971.91,170047
2023.04.12,00:00,12964.32,13132.62,12831.82,12850.36,187650
2023.04.13,00:00,12849.08,13125.20,12823.60,13077.75,170760
2023.04.14,00:00,13081.18,13151.52,12956.69,13099.00,185651
2023.04.17,00:00,13112.00,13117.38,12977.54,13079.26,174019
2023.04.18,00:00,13081.69,13198.44,13042.33,13090.28,167216
2023.04.19,00:00,13074.75,13129.34,12969.06,13071.46,158659
2023.04.20,00:00,13066.21,13104.58,12928.55,12999.96,178242
2023.04.21,00:00,12998.55,13031.80,12895.52,12987.00,169844
2023.04.24,00:00,12981.63,13047.00,12880.50,12963.79,154092
2023.04.25,00:00,12963.13,12973.66,12719.81,12834.56,177205
2023.04.26,00:00,12856.38,12930.16,12783.85,12878.08,206232
2023.04.27,00:00,12883.08,13253.18,12854.45,13185.02,168205
2023.04.28,00:00,13136.22,13258.64,13092.81,13248.02,187514
2023.05.01,00:00,13241.27,13289.39,13184.56,13212.64,150287
2023.05.02,00:00,13211.63,13259.59,13043.21,13097.42,179842
2023.05.03,00:00,13090.92,13238.74,13011.25,13020.52,184307
2023.05.04,00:00,12992.97,13101.66,12937.86,12978.88,207340
2023.05.05,00:00,12992.37,13291.22,12988.65,13244.13,164993
2023.05.08,00:00,13249.13,13305.11,13191.68,13273.36,146909
2023.05.09,00:00,13271.90,13284.66,13190.79,13197.59,140237
2023.05.10,00:00,13192.85,13383.77,13139.92,13346.69,185841
2023.05.11,00:00,13347.00,13412.55,13302.98,13389.74,179042
2023.05.12,00:00,13386.04,13433.79,13253.83,13312.28,163219
2023.05.15,00:00,13319.65,13420.28,13291.65,13407.34,152679
2023.05.16,00:00,13404.69,13499.14,13371.02,13447.61,155945
2023.05.17,00:00,13437.19,13609.57,13414.58,13581.85,156256
2023.05.18,00:00,13580.75,13857.95,13569.64,13857.11,170433
2023.05.19,00:00,13856.37,13904.55,13761.06,13785.88,187415
2023.05.22,00:00,13750.25,13892.38,13740.00,13862.47,158293
2023.05.23,00:00,13859.95,13923.99,13661.54,13682.68,178380
2023.05.24,00:00,13679.03,13795.53,13519.59,13792.05,191127
2023.05.25,00:00,13827.22,13990.03,13753.83,13941.55,208849
2023.05.26,00:00,13938.34,14328.25,13885.05,14326.13,182150
2023.05.29,00:00,14398.25,14410.00,14327.13,14366.38,60628
2023.05.30,00:00,14360.25,14529.25,14299.94,14363.38,197402
2023.05.31,00:00,14352.61,14376.18,14215.23,14249.08,199690
2023.06.01,00:00,14248.81,14495.20,14208.25,14462.90,188811
2023.06.02,00:00,14459.58,14595.07,14439.55,14556.85,178484
2023.06.05,00:00,14549.78,14663.71,14488.88,14552.75,181977
2023.06.06,00:00,14551.09,14595.12,14475.97,14566.13,176525
2023.06.07,00:00,14565.78,14648.53,14281.81,14292.19,187873
2023.06.08,00:00,14290.92,14507.21,14233.53,14501.74,188664
2023.06.09,00:00,14499.60,14671.88,14442.35,14549.13,161040
2023.06.12,00:00,14546.25,14811.08,14538.50,14809.75,141166
2023.06.13,00:00,14806.03,14950.36,14767.03,14909.27,192259
2023.06.14,00:00,14911.28,15047.67,14785.84,15037.46,188201
2023.06.15,00:00,15026.47,15249.18,14872.42,15178.63,200150
2023.06.16,00:00,15179.47,15280.98,15074.00,15115.63,190284
2023.06.19,00:00,15117.75,15135.88,15045.63,15054.63,64114
2023.06.20,00:00,15058.75,15125.13,14947.06,15061.99,173563
2023.06.21,00:00,15061.14,15084.71,14823.28,14860.60,187149
2023.06.22,00:00,14860.82,15063.15,14789.39,15058.59,187171
2023.06.23,00:00,15060.54,15060.54,14818.36,14885.53,194599
2023.06.26,00:00,14892.21,14983.38,14687.44,14705.33,193455
2023.06.27,00:00,14709.52,14971.24,14696.61,14921.67,175513
2023.06.28,00:00,14920.90,15052.47,14856.76,14990.17,188179
2023.06.29,00:00,14992.17,15034.55,14870.00,14948.05,176365
2023.06.30,00:00,14946.54,15216.35,14939.25,15156.63,165708
2023.07.03,00:00,15170.05,15235.25,15154.63,15203.38,102287
2023.07.04,00:00,15202.25,15215.00,15180.50,15190.88,37150
2023.07.05,00:00,15190.78,15276.95,15101.50,15197.72,155282
2023.07.06,00:00,15197.65,15203.84,14968.50,15076.29,172623
2023.07.07,00:00,15067.75,15212.09,15026.00,15047.88,170639
2023.07.10,00:00,15051.75,15076.00,14921.40,15048.49,175972
2023.07.11,00:00,15050.70,15136.37,14971.18,15120.60,165437
2023.07.12,00:00,15117.37,15364.42,15113.61,15317.31,167675
2023.07.13,00:00,15320.01,15602.60,15315.93,15561.52,155732
2023.07.14,00:00,15561.13,15721.74,15529.59,15555.95,173726
2023.07.17,00:00,15557.72,15747.29,15535.75,15691.48,150698
2023.07.18,00:00,15697.28,15896.81,15602.84,15815.27,163991
2023.07.19,00:00,15816.24,15931.45,15780.66,15809.61,172885
2023.07.20,00:00,15791.50,15794.85,15429.75,15477.68,193491
2023.07.21,00:00,15475.80,15599.71,15408.70,15438.38,185454
2023.07.24,00:00,15440.63,15512.06,15374.07,15455.99,171991
2023.07.25,00:00,15455.97,15624.35,15436.74,15612.75,155893
2023.07.26,00:00,15617.56,15626.98,15407.84,15516.54,189061
2023.07.27,00:00,15527.67,15794.23,15413.19,15483.83,202065
2023.07.28,00:00,15480.02,15787.46,15446.48,15741.00,207659
2023.07.31,00:00,15744.63,15811.88,15686.88,15768.53,173298
2023.08.01,00:00,15768.96,15789.02,15632.42,15711.15,162509
2023.08.02,00:00,15658.67,15691.15,15322.38,15358.35,214892
2023.08.03,00:00,15361.31,15466.07,15248.34,15363.95,220955
2023.08.04,00:00,15356.94,15526.42,15257.12,15282.38,210922
2023.08.07,00:00,15289.50,15413.63,15254.45,15408.43,183431
2023.08.08,00:00,15413.51,15415.87,15145.45,15274.09,201405
2023.08.09,00:00,15273.55,15354.64,15074.01,15128.47,186648
2023.08.10,00:00,15123.72,15367.50,15068.43,15147.92,212982
2023.08.11,00:00,15146.41,15193.82,14968.00,15035.38,197942
2023.08.14,00:00,15035.50,15214.48,14955.88,15212.37,201243
2023.08.15,00:00,15210.48,15267.20,15014.44,15046.00,199702
2023.08.16,00:00,15043.09,15100.01,14857.01,14872.60,210951
2023.08.17,00:00,14874.24,14952.73,14678.06,14683.18,210285
2023.08.18,00:00,14685.17,14746.19,14553.68,14688.88,218451
2023.08.21,00:00,14706.00,14959.70,14666.13,14917.81,197923
2023.08.22,00:00,14919.41,15065.14,14881.07,14911.50,190046
2023.08.23,00:00,14908.78,15305.14,14908.40,15303.27,184833
2023.08.24,00:00,15281.13,15366.33,14773.09,14788.33,212958
2023.08.25,00:00,14789.92,15008.09,14716.24,14928.00,212163
2023.08.28,00:00,14948.50,15086.88,14933.75,15058.02,179255
2023.08.29,00:00,15058.69,15391.38,15010.95,15387.20,171124
2023.08.30,00:00,15387.02,15484.95,15323.06,15474.95,176723
2023.08.31,00:00,15472.68,15574.89,15421.37,15504.53,163326
2023.09.01,00:00,15500.69,15628.51,15426.45,15483.38,175371
2023.09.04,00:00,15487.25,15554.13,15471.88,15500.38,60966
2023.09.05,00:00,15502.25,15558.44,15393.50,15489.31,175857
2023.09.06,00:00,15483.14,15504.97,15287.55,15362.82,174821
2023.09.07,00:00,15362.41,15370.87,15136.01,15268.24,188118
2023.09.08,00:00,15269.34,15375.54,15207.21,15298.25,176618
2023.09.11,00:00,15295.13,15482.23,15284.38,15457.33,160632
2023.09.12,00:00,15447.90,15466.74,15277.48,15298.18,185045
2023.09.13,00:00,15294.97,15414.36,15203.08,15367.79,206165
2023.09.14,00:00,15363.69,15512.57,15333.33,15476.28,184780
2023.09.15,00:00,15475.28,15520.12,15171.22,15193.50,189673
2023.09.18,00:00,15197.34,15269.68,15145.13,15234.42,170167
2023.09.19,00:00,15233.53,15253.77,15065.85,15196.42,162498
2023.09.20,00:00,15192.01,15248.64,14947.15,14952.67,179068
2023.09.21,00:00,14956.47,14967.19,14671.55,14679.74,203642
2023.09.22,00:00,14683.16,14858.05,14668.56,14706.75,200227
2023.09.25,00:00,14712.88,14787.30,14618.25,14783.01,196497
2023.09.26,00:00,14780.65,14780.65,14505.98,14563.20,196983
2023.09.27,00:00,14563.92,14659.38,14430.21,14607.69,205537
2023.09.28,00:00,14609.01,14789.82,14502.17,14720.15,227807
2023.09.29,00:00,14720.76,14904.65,14661.11,14738.75,213938
2023.10.02,00:00,14816.13,14893.73,14678.38,14840.08,228158
2023.10.03,00:00,14833.67,14874.46,14503.95,14564.84,227796
2023.10.04,00:00,14563.09,14804.81,14442.60,14752.36,244422
2023.10.05,00:00,14751.09,14810.53,14579.00,14720.27,224874
2023.10.06,00:00,14714.27,15021.59,14524.49,15000.25,218012
2023.10.09,00:00,14897.25,15071.64,14813.63,15052.55,197231
2023.10.10,00:00,15051.29,15241.60,15031.18,15142.15,208581
2023.10.11,00:00,15141.01,15278.16,15116.68,15272.42,193542
2023.10.12,00:00,15269.43,15336.04,15088.71,15193.52,193782
2023.10.13,00:00,15194.23,15238.70,14940.71,14982.13,220712
2023.10.16,00:00,15000.38,15211.89,14962.13,15179.80,206691
2023.10.17,00:00,15180.52,15188.97,14931.88,15120.26,212878
2023.10.18,00:00,15114.18,15115.91,14863.83,14944.52,725461
2023.10.19,00:00,14929.62,15027.71,14733.88,14744.75,932196
2023.10.20,00:00,14740.14,14783.11,14544.75,14548.63,403644
2023.10.23,00:00,14581.25,14750.57,14416.75,14646.19,160480
2023.10.24,00:00,14641.95,14847.49,14609.04,14731.32,156779
2023.10.25,00:00,14731.29,14755.34,14354.19,14374.10,169598
2023.10.26,00:00,14327.70,14369.79,14057.26,14124.65,202577
2023.10.27,00:00,14166.42,14323.35,14127.14,14186.22,188660
2023.10.30,00:00,14251.54,14393.25,14221.74,14327.69,144010
2023.10.31,00:00,14324.94,14421.00,14229.44,14369.83,153633
2023.11.01,00:00,14380.85,14677.74,14330.29,14677.74,168935
2023.11.02,00:00,14677.84,14935.49,14676.40,14891.58,114852
2023.11.03,00:00,14849.09,15149.29,14847.35,15106.85,114286
2023.11.06,00:00,15112.88,15181.50,15061.64,15145.43,94500
2023.11.07,00:00,15142.56,15335.67,15101.30,15299.08,92991
2023.11.08,00:00,15298.44,15343.80,15214.89,15286.43,97783
2023.11.09,00:00,15281.48,15385.63,15170.12,15187.63,131293
2023.11.10,00:00,15182.52,15543.63,15142.39,15513.13,102930
2023.11.13,00:00,15518.50,15532.00,15399.63,15491.19,88518
2023.11.14,00:00,15491.97,15850.54,15485.91,15822.81,93839
2023.11.15,00:00,15822.82,15976.41,15762.67,15776.08,103654
2023.11.16,00:00,15775.74,15842.18,15732.85,15834.25,104069
2023.11.17,00:00,15832.62,15878.53,15765.70,15813.75,93248
2023.11.20,00:00,15836.00,16058.12,15777.25,16030.92,80068
2023.11.21,00:00,16037.03,16064.06,15857.20,15913.17,86329
2023.11.22,00:00,15911.45,16123.63,15886.82,15998.04,103835
2023.11.23,00:00,15989.54,16040.49,15989.05,16014.00,26363
2023.11.24,00:00,16013.75,16027.00,15936.50,15968.38,51282
2023.11.27,00:00,15964.63,16046.21,15895.75,15961.23,73541
2023.11.28,00:00,15961.91,16031.59,15904.18,16010.55,87060
2023.11.29,00:00,16010.74,16167.12,15976.21,16003.57,87334
2023.11.30,00:00,15999.57,16062.13,15823.02,15922.71,109149
2023.12.01,00:00,15919.28,16016.89,15831.78,15997.00,116531
2023.12.04,00:00,15989.50,15992.38,15691.95,15824.63,96705
2023.12.05,00:00,15827.89,15931.83,15731.01,15871.28,116167
2023.12.06,00:00,15867.30,16010.93,15776.53,15788.33,108791
2023.12.07,00:00,15786.60,16043.38,15768.38,15994.38,108371
2023.12.08,00:00,15996.25,16102.31,15872.79,16076.63,111818
2023.12.11,00:00,16075.25,16232.57,16029.50,16228.90,93413
2023.12.12,00:00,16226.62,16373.98,16175.52,16371.06,88042
2023.12.13,00:00,16370.31,16584.03,16355.63,16540.19,106283
2023.12.14,00:00,16553.70,16660.36,16419.18,16530.25,128877
2023.12.15,00:00,16526.00,16676.12,16519.50,16602.63,108006
2023.12.18,00:00,16608.63,16764.26,16590.13,16712.70,75766
2023.12.19,00:00,16705.59,16816.82,16698.63,16813.24,78359
2023.12.20,00:00,16811.38,16861.99,16548.78,16584.01,98258
2023.12.21,00:00,16580.68,16768.63,16580.06,16750.61,129690
2023.12.22,00:00,16752.45,16844.40,16696.85,16763.25,101563
2023.12.26,00:00,16766.38,16909.03,16766.38,16887.31,50827
2023.12.27,00:00,16887.05,16931.91,16857.19,16930.05,73056
2023.12.28,00:00,16926.69,16972.13,16890.53,16901.52,61609
2023.12.29,00:00,16903.07,16944.79,16751.65,16815.83,80415
2024.01.02,00:00,16831.33,16851.00,16450.93,16555.86,108451
2024.01.03,00:00,16558.55,16558.80,16351.47,16371.24,134548
2024.01.04,00:00,16373.47,16421.16,16277.54,16290.35,109454
2024.01.05,00:00,16294.53,16418.89,16177.39,16306.63,114970
2024.01.08,00:00,16311.75,16654.57,16221.25,16631.59,89153
2024.01.09,00:00,16629.87,16713.96,16504.08,16672.32,103903
2024.01.10,00:00,16672.44,16830.70,16650.76,16804.06,94838
2024.01.11,00:00,16802.68,16911.00,16612.88,16814.74,161701
2024.01.12,00:00,16813.47,16899.97,16725.51,16813.88,135477
2024.01.15,00:00,16815.00,16881.88,16795.50,16828.75,36268
2024.01.16,00:00,16817.63,16897.14,16670.75,16841.59,158367
2024.01.17,00:00,16841.46,16843.67,16558.72,16726.79,123894
2024.01.18,00:00,16719.78,16995.97,16700.78,16987.45,139490
2024.01.19,00:00,16986.70,17339.00,16978.16,17330.50,123006
2024.01.22,00:00,17334.63,17453.00,17304.37,17327.36,122954
2024.01.23,00:00,17327.12,17429.46,17285.53,17425.02,96538
2024.01.24,00:00,17426.51,17667.04,17425.15,17505.74,118973
2024.01.25,00:00,17499.75,17633.10,17423.64,17462.03,144031
2024.01.26,00:00,17454.09,17517.21,17350.52,17392.63,121190
2024.01.29,00:00,17389.38,17603.09,17345.63,17588.19,90094
2024.01.30,00:00,17590.21,17617.27,17361.85,17365.22,100112
2024.01.31,00:00,17317.01,17377.42,17116.26,17161.68,198308
2024.02.01,00:00,17172.98,17548.49,17162.94,17532.12,142408
2024.02.02,00:00,17489.81,17681.08,17371.68,17592.63,158269
2024.02.05,00:00,17602.00,17653.66,17464.75,17610.75,123226
2024.02.06,00:00,17609.06,17677.64,17472.06,17561.49,130656
2024.02.07,00:00,17562.09,17786.18,17542.61,17768.26,112571
2024.02.08,00:00,17771.14,17813.99,17710.00,17779.00,86693
2024.02.09,00:00,17776.07,17988.85,17769.36,17956.13,81527
2024.02.12,00:00,17959.38,18041.29,17833.77,17851.75,83276
2024.02.13,00:00,17846.65,17886.81,17475.50,17624.97,141408
2024.02.14,00:00,17621.96,17813.34,17596.48,17799.81,126410
2024.02.15,00:00,17803.50,17900.79,17717.72,17887.70,119846
2024.02.16,00:00,17882.85,17959.86,17652.53,17658.75,136541
2024.02.19,00:00,17666.75,17745.13,17664.50,17726.50,37384
2024.02.20,00:00,17725.63,17726.25,17394.99,17521.36,161936
2024.02.21,00:00,17515.98,17660.91,17315.11,17649.96,155398
2024.02.22,00:00,17649.75,18034.98,17621.13,17972.80,134601
2024.02.23,00:00,17970.06,18095.35,17897.47,17911.78,132993
2024.02.26,00:00,17918.73,18012.93,17877.60,17901.55,109602
2024.02.27,00:00,17904.11,17996.41,17865.79,17966.15,107989
2024.02.28,00:00,17969.77,17972.78,17804.97,17818.82,100254
2024.02.29,00:00,17835.13,18070.31,17790.63,18030.58,119768
2024.03.01,00:00,18033.19,18334.32,17991.99,18282.88,110763
2024.03.04,00:00,18295.25,18339.63,18201.25,18211.12,97311
2024.03.05,00:00,18211.63,18218.50,17803.11,17951.53,138068
2024.03.06,00:00,17953.22,18147.41,17921.86,18011.64,178176
2024.03.07,00:00,18024.02,18338.81,17895.02,18234.18,135870
2024.03.08,00:00,18260.02,18418.31,17995.57,18036.80,250797
2024.03.11,00:00,18037.30,18037.30,17874.88,17981.01,176885
2024.03.12,00:00,17985.19,18229.05,17914.55,18209.42,166190
2024.03.13,00:00,18207.09,18245.47,18028.43,18096.18,133559
2024.03.14,00:00,18090.03,18173.28,17912.92,18013.57,174460
2024.03.15,00:00,17999.05,18071.53,17762.65,17815.00,153537
2024.03.18,00:00,17824.88,18125.55,17813.75,17980.70,123548
2024.03.19,00:00,17974.93,18043.70,17809.75,18028.37,139070
2024.03.20,00:00,18028.38,18295.23,17979.26,18292.82,154757
2024.03.21,00:00,18294.28,18467.40,18284.40,18337.63,120380
2024.03.22,00:00,18337.75,18388.96,18258.13,18327.25,104030
2024.03.25,00:00,18329.25,18363.88,18179.38,18297.98,89513
2024.03.26,00:00,18296.63,18386.88,18210.37,18249.73,95406
2024.03.27,00:00,18257.83,18352.25,18156.38,18281.35,108321
2024.03.28,00:00,18280.36,18312.63,18222.88,18243.38,94960
2024.04.01,00:00,18283.75,18390.63,18203.96,18285.99,100165
2024.04.02,00:00,18284.98,18304.02,17996.45,18136.69,108744
2024.04.03,00:00,18133.43,18244.63,18027.00,18178.51,112701
2024.04.04,00:00,18185.81,18367.63,17863.50,17881.22,145285
2024.04.05,00:00,17901.32,18208.74,17861.89,18113.75,179236
2024.04.08,00:00,18151.25,18182.09,18042.75,18117.03,128739
2024.04.09,00:00,18120.16,18211.44,17970.51,18189.46,145989
2024.04.10,00:00,18183.66,18276.18,17864.40,18006.74,206136
2024.04.11,00:00,18005.20,18339.28,17916.95,18304.66,155293
2024.04.12,00:00,18305.77,18330.42,17949.17,17998.63,155245
2024.04.15,00:00,17979.00,18178.25,17676.06,17706.26,187676
2024.04.16,00:00,17709.60,17820.87,17626.63,17730.18,215322
2024.04.17,00:00,17731.41,17804.88,17457.34,17503.34,195919
2024.04.18,00:00,17516.13,17616.75,17354.27,17377.46,179237
2024.04.19,00:00,17378.57,17403.68,16970.20,17031.88,270164
2024.04.22,00:00,17081.75,17304.40,17006.37,17203.63,150560
2024.04.23,00:00,17212.16,17523.24,17151.37,17514.59,134180
2024.04.24,00:00,17542.16,17653.50,17343.25,17369.25,156354
2024.04.25,00:00,17318.88,17697.72,17177.75,17686.24,198653
2024.04.26,00:00,17678.71,17771.96,17540.75,17706.63,149159
2024.04.29,00:00,17734.75,17820.63,17667.43,17786.72,125731
2024.04.30,00:00,17792.67,17794.84,17354.47,17387.45,137672
2024.05.01,00:00,17341.12,17672.67,17283.59,17359.31,256977
2024.05.02,00:00,17377.13,17646.66,17283.33,17634.83,170609
2024.05.03,00:00,17636.40,17935.96,17613.25,17916.25,158924
2024.05.06,00:00,17937.88,18094.79,17875.63,18079.28,82829
2024.05.07,00:00,18074.36,18159.03,18045.62,18090.46,93156
2024.05.08,00:00,18087.24,18137.98,17969.03,18056.76,89770
2024.05.09,00:00,18060.75,18141.67,18005.88,18122.74,94290
2024.05.10,00:00,18121.75,18250.46,18093.31,18142.08,96505
2024.05.13,00:00,18146.58,18239.88,18135.70,18189.14,84395
2024.05.14,00:00,18184.68,18336.91,18072.43,18314.53,103761
2024.05.15,00:00,18311.56,18608.10,18296.00,18597.11,98857
2024.05.16,00:00,18600.38,18672.25,18540.62,18545.76,96528
2024.05.17,00:00,18546.31,18595.06,18457.33,18543.63,85912
2024.05.20,00:00,18543.38,18705.00,18543.38,18656.62,76914
2024.05.21,00:00,18658.05,18721.50,18592.31,18712.24,71951
2024.05.22,00:00,18711.19,18805.92,18603.36,18733.27,103102
2024.05.23,00:00,18788.20,18949.70,18552.63,18615.12,169065
2024.05.24,00:00,18612.63,18855.41,18608.77,18799.88,107742
2024.05.27,00:00,18803.00,18886.38,18765.00,18882.38,30726
2024.05.28,00:00,18880.50,18910.38,18751.87,18882.66,117094
2024.05.29,00:00,18881.09,18881.34,18674.88,18681.99,120653
2024.05.30,00:00,18693.25,18726.75,18483.56,18529.68,130032
2024.05.31,00:00,18529.73,18608.85,18187.85,18517.50,167443
2024.06.03,00:00,18535.88,18703.75,18387.63,18613.43,164921
2024.06.04,00:00,18608.59,18701.03,18464.12,18655.38,159059
2024.06.05,00:00,18658.44,19043.52,18645.88,19040.70,113981
2024.06.06,00:00,19039.95,19076.15,18972.24,19026.87,123171
2024.06.07,00:00,19026.00,19116.69,18901.88,18994.63,156940
2024.06.10,00:00,18988.25,19092.05,18938.38,19069.37,116769
2024.06.11,00:00,19068.11,19222.78,18961.92,19213.65,103711
2024.06.12,00:00,19213.31,19579.26,19199.99,19576.55,191282
2024.06.13,00:00,19565.74,19659.25,19473.17,19579.75,147948
2024.06.14,00:00,19587.00,19677.13,19479.88,19673.63,137816
2024.06.17,00:00,19670.88,19979.90,19622.38,19896.32,124834
2024.06.18,00:00,19901.38,19983.18,19840.88,19920.20,114266
2024.06.19,00:00,19919.61,19965.63,19914.32,19944.38,27738
2024.06.20,00:00,19945.50,20085.13,19680.97,19772.37,178207
2024.06.21,00:00,19772.85,19817.88,19645.25,19736.50,150258
2024.06.24,00:00,19737.88,19756.75,19460.40,19484.48,174643
2024.06.25,00:00,19487.09,19714.59,19461.71,19703.41,129612
2024.06.26,00:00,19706.38,19803.65,19637.85,19691.86,146126
2024.06.27,00:00,19685.72,19853.50,19615.75,19809.93,147528
2024.06.28,00:00,19820.88,20026.50,19662.13,19719.00,183903
2024.07.01,00:00,19724.00,19828.44,19569.77,19797.62,194937
2024.07.02,00:00,19802.22,20015.18,19670.50,19996.32,162928
2024.07.03,00:00,19997.21,20197.63,19965.25,20181.75,97347
2024.07.04,00:00,20181.38,20182.25,20135.63,20143.13,27284
2024.07.05,00:00,20147.75,20404.96,20127.88,20356.25,131239
2024.07.08,00:00,20355.38,20459.55,20254.25,20455.78,110450
2024.07.09,00:00,20453.09,20545.73,20391.49,20461.54,123481
2024.07.10,00:00,20459.96,20689.32,20458.48,20669.18,100080
2024.07.11,00:00,20668.47,20760.27,20164.40,20217.34,222441
2024.07.12,00:00,20223.88,20529.58,20129.00,20332.38,168120
2024.07.15,00:00,20372.13,20588.01,20300.38,20420.49,191900
2024.07.16,00:00,20419.53,20480.67,20263.26,20386.22,181351
2024.07.17,00:00,20386.61,20393.89,19770.87,19822.43,239812
2024.07.18,00:00,19837.16,19972.25,19568.75,19754.00,306259
2024.07.19,00:00,19773.63,19795.50,19476.13,19520.25,264467
2024.07.22,00:00,19567.88,19861.56,19540.38,19801.08,227031
2024.07.23,00:00,19798.38,19909.18,19693.50,19772.36,191944
2024.07.24,00:00,19698.04,19699.11,19005.59,19104.21,208664
2024.07.25,00:00,19094.20,19228.61,18724.86,18835.95,411561
2024.07.26,00:00,18845.07,19144.61,18840.70,19024.38,295199
2024.07.29,00:00,19016.25,19228.13,18968.82,19071.61,265952
2024.07.30,00:00,19064.82,19169.88,18584.79,18716.34,280486
2024.07.31,00:00,18725.15,19501.55,18717.66,19438.86,311898
2024.08.01,00:00,19451.27,19574.18,18716.13,18831.72,422403
2024.08.02,00:00,18815.43,18850.55,18263.14,18388.75,483553
2024.08.05,00:00,18267.63,18267.75,17236.38,18027.89,519924
2024.08.06,00:00,18047.70,18371.68,17855.06,17992.87,417065
2024.08.07,00:00,17942.90,18448.36,17731.05,17750.41,422059
2024.08.08,00:00,17770.76,18485.51,17642.74,18450.73,339320
2024.08.09,00:00,18448.47,18571.79,18283.47,18501.00,290260
2024.08.12,00:00,18486.13,18665.44,18412.38,18526.52,215601
2024.08.13,00:00,18547.39,19021.59,18530.60,19000.43,157409
2024.08.14,00:00,18999.45,19107.94,18833.53,19048.01,199467
2024.08.15,00:00,19042.81,19502.61,18998.55,19468.22,145708
2024.08.16,00:00,19471.00,19585.63,19350.63,19510.72,157817
2024.08.19,00:00,19545.05,19775.90,19437.50,19757.44,129588
2024.08.20,00:00,19763.05,19836.65,19653.01,19712.25,140392
2024.08.21,00:00,19708.05,19894.25,19685.98,19827.97,174539
2024.08.22,00:00,19829.73,19936.24,19455.55,19524.40,220852
2024.08.23,00:00,19536.25,19824.10,19516.82,19697.93,252288
2024.08.26,00:00,19703.55,19768.55,19434.25,19474.67,186326
2024.08.27,00:00,19481.66,19622.61,19370.89,19564.31,166063
2024.08.28,00:00,19565.94,19619.97,19160.53,19244.48,213035
2024.08.29,00:00,19148.29,19630.06,19078.34,19382.25,314834
2024.08.30,00:00,19387.00,19582.49,19321.38,19543.28,224470
2024.09.02,00:00,19547.03,19618.78,19459.90,19596.90,44318
2024.09.03,00:00,19593.15,19629.40,18863.68,18944.97,263439
2024.09.04,00:00,18943.76,19068.38,18777.87,18918.00,297632
2024.09.05,00:00,18922.76,19107.98,18783.78,18883.04,274703
2024.09.06,00:00,18887.25,18937.75,18307.50,18346.13,363057
2024.09.09,00:00,18368.75,18701.97,18354.00,18690.33,212756
2024.09.10,00:00,18693.72,18847.06,18552.28,18804.29,231849
2024.09.11,00:00,18806.83,19265.56,18523.46,19219.80,318348
2024.09.12,00:00,19217.59,19458.00,19162.26,19385.95,273781
2024.09.13,00:00,19399.75,19557.84,19377.50,19483.63,189689
2024.09.16,00:00,19478.25,19526.38,19286.90,19402.52,175125
2024.09.17,00:00,19404.86,19604.61,19331.07,19436.68,238840
2024.09.18,00:00,19437.62,19654.09,19321.17,19393.80,298189
2024.09.19,00:00,19403.66,19953.08,19393.77,19817.67,222537
2024.09.20,00:00,19824.78,19848.35,19625.27,19778.13,188179
2024.09.23,00:00,19801.13,19927.50,19719.75,19837.16,171934
2024.09.24,00:00,19837.04,19990.51,19733.31,19959.10,165708
2024.09.25,00:00,19958.21,20047.15,19842.41,20015.80,149209
2024.09.26,00:00,20016.17,20313.00,19964.97,20119.08,197858
2024.09.27,00:00,20124.38,20175.00,19954.13,19974.38,189365
2024.09.30,00:00,19974.00,20070.74,19845.94,20017.85,187942
2024.10.01,00:00,20018.60,20118.81,19619.26,19756.08,302045
2024.10.02,00:00,19763.87,19882.44,19630.36,19849.16,208462
2024.10.03,00:00,19845.08,19910.05,19650.89,19759.05,238468
2024.10.04,00:00,19768.88,20069.88,19748.25,20003.38,226194
2024.10.07,00:00,20020.63,20066.63,19757.37,19826.62,208324
2024.10.08,00:00,19833.83,20134.42,19712.66,20091.83,175093
2024.10.09,00:00,20093.44,20287.22,20005.10,20253.64,155277
2024.10.10,00:00,20251.18,20317.45,20112.09,20246.43,178467
2024.10.11,00:00,20256.00,20313.69,20135.13,20233.75,131830
2024.10.14,00:00,20235.00,20500.00,20204.63,20459.87,115590
2024.10.15,00:00,20452.03,20481.78,20077.13,20156.07,202592
2024.10.16,00:00,20156.48,20220.36,20033.96,20149.54,151134
2024.10.17,00:00,20152.03,20417.32,20103.72,20206.83,201586
2024.10.18,00:00,20221.50,20363.87,20155.25,20319.25,136129
2024.10.21,00:00,20332.63,20392.25,20181.00,20376.25,144377
2024.10.22,00:00,20375.25,20442.26,20201.25,20360.43,144159
2024.10.23,00:00,20361.54,20386.45,19929.42,20123.84,188259
2024.10.24,00:00,20137.88,20277.35,20112.80,20240.19,166628
2024.10.25,00:00,20244.75,20563.69,20222.50,20332.63,174645
2024.10.28,00:00,20382.13,20533.38,20345.13,20365.38,168147
2024.10.29,00:00,20373.20,20615.66,20293.31,20564.71,164965
2024.10.30,00:00,20589.50,20649.20,20337.44,20370.27,186543
2024.10.31,00:00,20346.98,20358.23,19878.03,19907.37,247614
2024.11.01,00:00,19945.88,20164.89,19894.25,20048.88,221354
2024.11.04,00:00,20016.63,20128.38,19895.38,19993.80,195707
2024.11.05,00:00,19996.43,20267.65,19962.07,20247.40,162527
2024.11.06,00:00,20237.40,20813.31,20219.40,20801.38,251377
2024.11.07,00:00,20801.05,21132.33,20769.32,21103.89,155399
2024.11.08,00:00,21106.50,21154.53,21005.25,21115.25,128201
2024.11.11,00:00,21137.50,21231.38,20989.57,21099.57,133864
2024.11.12,00:00,21102.21,21143.99,20947.53,21068.32,156994
2024.11.13,00:00,21068.51,21156.65,20948.44,21052.43,183097
2024.11.14,00:00,21050.49,21077.32,20839.57,20870.34,200218
2024.11.15,00:00,20870.95,20874.95,20311.28,20404.25,210142
2024.11.18,00:00,20402.13,20624.83,20376.25,20535.98,156536
2024.11.19,00:00,20538.04,20701.17,20293.06,20664.60,186793
2024.11.20,00:00,20667.23,20754.28,20394.46,20645.74,205715
2024.11.21,00:00,20644.71,20817.71,20436.98,20707.21,313328
2024.11.22,00:00,20715.47,20800.00,20613.72,20799.63,224300
2024.11.25,00:00,20854.28,21002.03,20705.54,20823.73,204508
2024.11.26,00:00,20823.01,20948.45,20725.80,20922.11,177258
2024.11.27,00:00,20913.75,20940.67,20611.30,20741.13,155268
2024.11.28,00:00,20746.75,20844.63,20741.50,20825.13,34007
2024.11.29,00:00,20826.72,20955.00,20747.47,20929.13,90429
2024.12.02,00:00,20931.88,21200.00,20877.75,21152.52,127784
2024.12.03,00:00,21158.54,21273.67,21078.90,21269.69,113169
2024.12.04,00:00,21265.78,21495.34,21251.60,21465.41,110348
2024.12.05,00:00,21459.63,21517.41,21387.13,21403.45,106131
2024.12.06,00:00,21407.70,21625.51,21378.33,21591.45,111778
2024.12.09,00:00,21603.13,21661.63,21395.09,21432.53,132012
2024.12.10,00:00,21439.03,21568.40,21315.30,21393.16,117613
2024.12.11,00:00,21393.70,21783.27,21365.87,21720.11,106260
2024.12.12,00:00,21722.66,21738.28,21574.66,21601.14,121692
2024.12.13,00:00,21698.28,21885.28,21645.06,21740.03,161153
2024.12.16,00:00,21756.13,22132.26,21738.63,22089.51,135798
2024.12.17,00:00,22088.72,22106.70,21922.77,21983.63,179814
2024.12.18,00:00,21983.17,22068.63,21019.02,21164.24,292904
2024.12.19,00:00,21206.72,21402.65,21073.59,21136.14,343251
2024.12.20,00:00,21157.38,21542.74,20742.63,21287.00,344075
2024.12.23,00:00,21297.13,21510.71,21220.13,21478.24,246136
2024.12.24,00:00,21486.76,21801.25,21461.09,21798.50,104174
2024.12.26,00:00,21799.75,21861.75,21628.25,21747.39,160148
2024.12.27,00:00,21758.63,21777.38,21288.27,21497.88,262338
2024.12.30,00:00,21490.25,21519.63,21035.75,21168.90,280054
2024.12.31,00:00,21169.18,21306.71,20976.39,21026.50,277440
2025.01.02,00:00,21061.13,21286.25,20791.95,20985.66,438437
2025.01.03,00:00,20995.63,21359.98,20952.00,21298.38,211060
2025.01.06,00:00,21338.50,21703.30,21289.25,21591.29,235735
2025.01.07,00:00,21592.53,21618.95,21098.44,21191.27,332958
2025.01.08,00:00,21187.91,21263.46,20985.89,21144.31,357838
2025.01.09,00:00,21151.07,21166.40,21038.76,21125.88,45616
2025.01.10,00:00,21133.75,21202.38,20710.27,20830.38,365656
2025.01.13,00:00,20854.00,20860.25,20527.75,20823.39,313125
2025.01.14,00:00,20851.10,20975.02,20616.28,20814.77,311652
2025.01.15,00:00,20813.16,21284.00,20748.28,21210.45,204700
2025.01.16,00:00,21216.03,21399.23,21015.07,21056.65,269702
2025.01.17,00:00,21066.63,21530.25,21060.88,21433.63,208979
2025.01.20,00:00,21435.00,21627.13,21371.25,21529.25,96184
2025.01.21,00:00,21537.63,21633.87,21376.94,21623.74,229884
2025.01.22,00:00,21658.10,21942.91,21620.17,21834.78,142721
2025.01.23,00:00,21833.67,21905.37,21708.37,21877.52,136525
2025.01.24,00:00,21877.75,21943.88,21707.14,21769.88,153482
2025.01.27,00:00,21632.13,21632.13,20630.00,21174.76,486043
2025.01.28,00:00,21214.21,21501.04,21034.29,21434.18,253795
2025.01.29,00:00,21435.05,21573.19,21249.26,21452.05,309933
2025.01.30,00:00,21420.27,21625.76,21302.02,21489.84,301592
2025.01.31,00:00,21564.38,21850.38,21419.50,21457.38,320438
2025.02.03,00:00,21081.25,21467.95,20829.50,21441.51,463648
2025.02.04,00:00,21483.15,21584.45,21135.01,21476.63,221528
2025.02.05,00:00,21458.37,21687.84,21324.90,21663.22,191125
2025.02.06,00:00,21656.64,21778.21,21601.37,21741.23,165487
2025.02.07,00:00,21722.25,21870.88,21462.05,21479.13,339426
2025.02.10,00:00,21364.63,21797.13,21322.13,21742.16,131257
2025.02.11,00:00,21733.81,21775.67,21577.39,21697.21,143317
2025.02.12,00:00,21702.58,21771.50,21419.08,21770.64,202016
2025.02.13,00:00,21778.50,22036.09,21666.25,21986.15,195983
2025.02.14,00:00,21990.63,22142.13,21962.88,22121.13,123202
2025.02.17,00:00,22153.63,22199.50,22111.25,22153.88,42566
2025.02.18,00:00,22143.50,22237.50,22026.17,22146.09,147329
2025.02.19,00:00,22149.13,22223.70,22043.25,22144.97,138850
2025.02.20,00:00,22133.75,22156.13,21872.88,22061.06,187573
2025.02.21,00:00,22064.88,22177.13,21584.83,21591.70,254474
2025.02.24,00:00,21634.38,21746.50,21341.14,21360.82,289164
2025.02.25,00:00,21370.75,21388.50,20927.88,21130.70,412735
2025.02.26,00:00,21149.00,21351.20,21010.86,21217.27,327277
2025.02.27,00:00,21194.18,21330.68,20530.18,20579.18,481922
2025.02.28,00:00,20596.50,20895.88,20413.00,20857.38,495856
2025.03.03,00:00,20955.00,21078.13,20275.13,20487.88,566216
2025.03.04,00:00,20478.38,20690.87,20031.43,20494.28,712522
2025.03.05,00:00,20515.50,20686.68,20178.90,20573.61,605614
2025.03.06,00:00,20570.25,20611.75,19967.81,20135.51,591945
2025.03.07,00:00,20179.13,20256.50,19733.76,20177.25,616903
2025.03.10,00:00,20115.38,20127.38,19241.81,19442.56,574859
2025.03.11,00:00,19398.75,19659.05,19118.38,19374.45,659049
2025.03.12,00:00,19386.00,19761.88,19362.75,19550.18,503465
2025.03.13,00:00,19556.63,19636.13,19149.46,19271.84,511224
2025.03.14,00:00,19277.88,19725.50,19277.50,19648.95,354504
2025.03.17,00:00,19658.00,19943.76,19544.13,19819.09,379259
2025.03.18,00:00,19823.20,19850.20,19393.31,19486.18,374958
2025.03.19,00:00,19488.88,19923.62,19446.25,19731.00,323928
2025.03.20,00:00,19737.70,19889.94,19520.83,19683.88,312715
2025.03.21,00:00,19692.25,19770.88,19399.00,19764.00,302528
2025.03.24,00:00,19845.75,20205.09,19845.75,20153.30,159346
2025.03.25,00:00,20152.63,20316.13,20091.63,20309.01,146596
2025.03.26,00:00,20310.75,20334.50,19849.49,19892.44,215712
2025.03.27,00:00,19841.15,20002.16,19742.53,19801.97,287906
2025.03.28,00:00,19806.75,19822.13,19178.38,19179.75,285553
2025.03.31,00:00,19140.38,19314.35,18798.38,19237.98,407246
2025.04.01,00:00,19237.75,19470.56,19088.75,19422.93,388606
2025.04.02,00:00,19424.88,19863.89,18907.81,18962.95,427773
2025.04.03,00:00,18789.43,19006.93,18451.78,18485.11,605770
2025.04.04,00:00,18505.75,18555.75,17251.00,17348.75,2051938
2025.04.07,00:00,16921.50,18221.75,16341.75,17492.23,968901
2025.04.08,00:00,17522.25,18219.75,16844.59,17097.53,961463
2025.04.09,00:00,17093.00,19228.18,16604.00,19197.46,1019798
2025.04.10,00:00,19121.75,19200.13,17782.69,18357.98,1187135
2025.04.11,00:00,18327.38,18730.68,18020.25,18678.13,1754592
2025.04.14,00:00,19085.00,19117.63,18604.81,18763.94,575955
2025.04.15,00:00,18765.38,19008.00,18673.63,18801.81,409015
2025.04.16,00:00,18657.88,18729.63,17992.36,18241.35,468980
2025.04.17,00:00,18284.93,18530.55,18140.81,18300.00,493297
2025.04.21,00:00,18168.35,18269.60,17590.02,17798.98,278409
2025.04.22,00:00,17796.75,17818.63,17753.63,17790.00,2792
