-- --------------------------------------------------------
-- Host:                         127.0.0.1
-- Server version:               10.3.14-MariaDB - mariadb.org binary distribution
-- Server OS:                    Win64
-- HeidiSQL Version:             11.0.0.5919
-- --------------------------------------------------------

/*!40101 SET @OLD_CHARACTER_SET_CLIENT=@@CHARACTER_SET_CLIENT */;
/*!40101 SET NAMES utf8 */;
/*!50503 SET NAMES utf8mb4 */;
/*!40014 SET @OLD_FOREIGN_KEY_CHECKS=@@FOREIGN_KEY_CHECKS, FOREIGN_KEY_CHECKS=0 */;
/*!40101 SET @OLD_SQL_MODE=@@SQL_MODE, SQL_MODE='NO_AUTO_VALUE_ON_ZERO' */;


-- Dumping database structure for flowerpot-api
CREATE DATABASE IF NOT EXISTS `flowerpot-api` /*!40100 DEFAULT CHARACTER SET utf8 */;
USE `flowerpot-api`;

-- Dumping structure for table flowerpot-api.accounts
CREATE TABLE IF NOT EXISTS `accounts` (
  `id` bigint(20) NOT NULL AUTO_INCREMENT,
  `account_close_time` datetime(6) DEFAULT NULL,
  `account_number` bigint(20) DEFAULT NULL,
  `account_open_time` datetime(6) DEFAULT NULL,
  `account_type` tinyint(4) DEFAULT NULL CHECK (`account_type` between 0 and 4),
  `active` bit(1) DEFAULT NULL,
  `balance` double DEFAULT NULL,
  `broker` tinyint(4) DEFAULT NULL CHECK (`broker` between 0 and 2),
  `currency` tinyint(4) DEFAULT NULL CHECK (`currency` between 0 and 18),
  `default_account` bit(1) DEFAULT NULL,
  `last_traded` datetime(6) DEFAULT NULL,
  `name` varchar(255) DEFAULT NULL,
  `trade_platform` tinyint(4) DEFAULT NULL CHECK (`trade_platform` between 0 and 4),
  `user_id` bigint(20) DEFAULT NULL,
  PRIMARY KEY (`id`),
  UNIQUE KEY `UniqueAccountNumber` (`account_number`),
  KEY `FKnjuop33mo69pd79ctplkck40n` (`user_id`),
  CONSTRAINT `FKnjuop33mo69pd79ctplkck40n` FOREIGN KEY (`user_id`) REFERENCES `users` (`id`)
) ENGINE=InnoDB AUTO_INCREMENT=2 DEFAULT CHARSET=utf8;

-- Dumping data for table flowerpot-api.accounts: ~1 rows (approximately)
/*!40000 ALTER TABLE `accounts` DISABLE KEYS */;
REPLACE INTO `accounts` (`id`, `account_close_time`, `account_number`, `account_open_time`, `account_type`, `active`, `balance`, `broker`, `currency`, `default_account`, `last_traded`, `name`, `trade_platform`, `user_id`) VALUES
	(1, NULL, 28331289, '2024-05-01 12:21:46.017518', 2, b'1', 30000, 0, 5, b'1', NULL, 'CMC Markets CFD Demo Account', 1, 6);
/*!40000 ALTER TABLE `accounts` ENABLE KEYS */;

-- Dumping structure for table flowerpot-api.market_news
CREATE TABLE IF NOT EXISTS `market_news` (
  `id` bigint(20) NOT NULL AUTO_INCREMENT,
  `date` date DEFAULT NULL,
  PRIMARY KEY (`id`),
  UNIQUE KEY `UK_15gshm8ec8sgr16go3cdti98i` (`date`)
) ENGINE=InnoDB AUTO_INCREMENT=32 DEFAULT CHARSET=utf8;

-- Dumping data for table flowerpot-api.market_news: ~25 rows (approximately)
/*!40000 ALTER TABLE `market_news` DISABLE KEYS */;
REPLACE INTO `market_news` (`id`, `date`) VALUES
	(26, '2024-05-26'),
	(27, '2024-05-27'),
	(28, '2024-05-28'),
	(29, '2024-05-29'),
	(30, '2024-05-30'),
	(31, '2024-05-31');
/*!40000 ALTER TABLE `market_news` ENABLE KEYS */;

-- Dumping structure for table flowerpot-api.market_news_entries
CREATE TABLE IF NOT EXISTS `market_news_entries` (
  `id` bigint(20) NOT NULL AUTO_INCREMENT,
  `content` varchar(255) DEFAULT NULL,
  `country` tinyint(4) DEFAULT NULL CHECK (`country` between 0 and 25),
  `forecast` varchar(255) DEFAULT NULL,
  `previous` varchar(255) DEFAULT NULL,
  `severity` tinyint(4) DEFAULT NULL CHECK (`severity` between 0 and 4),
  `slot_id` bigint(20) DEFAULT NULL,
  PRIMARY KEY (`id`),
  KEY `FKjdd4wlxxdlnyipg8je835o13w` (`slot_id`),
  CONSTRAINT `FKjdd4wlxxdlnyipg8je835o13w` FOREIGN KEY (`slot_id`) REFERENCES `market_news_slots` (`id`)
) ENGINE=InnoDB AUTO_INCREMENT=87 DEFAULT CHARSET=utf8;

-- Dumping data for table flowerpot-api.market_news_entries: ~0 rows (approximately)
/*!40000 ALTER TABLE `market_news_entries` DISABLE KEYS */;
REPLACE INTO `market_news_entries` (`id`, `content`, `country`, `forecast`, `previous`, `severity`, `slot_id`) VALUES
	(1, 'BOJ Gov Ueda Speaks', 18, '', '', 1, 234),
	(2, 'SPPI y/y', 18, '2.3%', '2.3%', 3, 235),
	(3, 'Bank Holiday', 24, '', '', 4, 236),
	(4, 'Retail Sales m/m', 2, '0.3%', '-0.4%', 2, 237),
	(5, 'BRC Shop Price Index y/y', 14, '', '0.8%', 3, 238),
	(6, 'German ifo Business Climate', 3, '90.4', '89.4', 2, 239),
	(7, 'Bank Holiday', 14, '', '', 4, 240),
	(8, 'Belgian NBB Business Climate', 3, '-10.8', '-11.9', 3, 241),
	(9, 'FOMC Member Cook Speaks', 24, '', '', 3, 242),
	(10, 'FOMC Member Daly Speaks', 24, '', '', 3, 242),
	(11, 'SNB Chairman Jordan Speaks', 24, '', '', 2, 243),
	(12, 'FOMC Member Bowman Speaks', 24, '', '', 3, 243),
	(13, 'FOMC Member Mester Speaks', 24, '', '', 3, 243),
	(14, 'ANZ Business Confidence', 24, '', '14.9', 3, 244),
	(15, 'CPI y/y', 2, '3.4%', '3.5%', 1, 245),
	(16, 'Construction Work Done q/q', 2, '0.6%', '0.7%', 3, 245),
	(17, 'IPPI m/m', 6, '0.8%', '0.8%', 3, 246),
	(18, 'RMPI m/m', 6, '3.1%', '4.7%', 3, 246),
	(19, 'CBI Realized Sales', 14, '-24', '-44', 3, 247),
	(20, 'MI Leading Index m/m', 2, '', '-0.1%', 3, 248),
	(21, 'S&P/CS Composite-20 HPI y/y', 24, '7.3%', '7.3%', 2, 249),
	(22, 'HPI m/m', 24, '0.5%', '1.2%', 3, 249),
	(23, 'CB Consumer Confidence', 24, '96.0', '97.0', 1, 250),
	(24, 'German WPI m/m', 3, '0.1%', '0.2%', 3, 251),
	(25, 'BOJ Core CPI y/y', 18, '2.2%', '2.2%', 3, 252),
	(26, 'Building Consents m/m', 24, '', '-0.2%', 3, 253),
	(27, 'RBA Assist Gov Hunter Speaks', 2, '', '', 3, 254),
	(28, 'Building Approvals m/m', 2, '1.8%', '1.9%', 3, 255),
	(29, 'Private Capital Expenditure q/q', 2, '0.6%', '0.8%', 3, 255),
	(30, 'FOMC Member Bostic Speaks', 24, '', '', 3, 256),
	(31, 'German Prelim CPI m/m', 3, '0.2%', '0.5%', 1, 257),
	(32, 'SNB Chairman Jordan Speaks', 24, '', '', 2, 258),
	(33, 'UBS Economic Expectations', 24, '', '17.6', 3, 259),
	(34, 'M3 Money Supply y/y', 3, '1.5%', '0.9%', 3, 259),
	(35, 'Private Loans y/y', 3, '0.4%', '0.2%', 3, 259),
	(36, 'Richmond Manufacturing Index', 24, '-6', '-7', 2, 260),
	(37, 'German GfK Consumer Climate', 3, '-22.5', '-24.2', 3, 261),
	(38, 'Consumer Confidence', 18, '39.1', '38.3', 3, 262),
	(39, 'Beige Book', 24, '', '', 3, 263),
	(40, 'FOMC Member Williams Speaks', 24, '', '', 3, 264),
	(41, 'Private Sector Credit m/m', 2, '0.4%', '0.3%', 3, 265),
	(42, 'Manufacturing PMI', 7, '50.5', '50.4', 1, 265),
	(43, 'Non-Manufacturing PMI', 7, '51.5', '51.2', 2, 265),
	(44, 'Unemployment Rate', 3, '6.5%', '6.5%', 3, 266),
	(45, 'Italian 10-y Bond Auction', 3, '', '3.86|1.3', 3, 267),
	(46, 'Tokyo Core CPI y/y', 18, '1.9%', '1.6%', 2, 268),
	(47, 'Unemployment Rate', 18, '2.6%', '2.6%', 3, 268),
	(48, 'Crude Oil Inventories', 24, '-1.9M', '1.8M', 3, 269),
	(49, 'Pending Home Sales m/m', 24, '0.1%', '3.4%', 1, 270),
	(50, 'Natural Gas Storage', 24, '', '78B', 3, 271),
	(51, 'Prelim Industrial Production m/m', 18, '1.5%', '3.8%', 3, 272),
	(52, 'Retail Sales y/y', 18, '1.8%', '1.2%', 3, 272),
	(53, 'Current Account', 6, '-5.5B', '-1.6B', 3, 273),
	(54, 'Prelim GDP q/q', 24, '1.3%', '1.6%', 1, 273),
	(55, 'Unemployment Claims', 24, '218K', '215K', 1, 273),
	(56, 'Prelim GDP Price Index q/q', 24, '3.1%', '3.1%', 2, 273),
	(57, 'Goods Trade Balance', 24, '-91.9B', '-91.8B', 3, 273),
	(58, 'Prelim Wholesale Inventories m/m', 24, '0.0%', '-0.4%', 3, 273),
	(59, 'Annual Budget Release', 24, '', '', 2, 274),
	(60, 'Italian Monthly Unemployment Rate', 3, '7.3%', '7.2%', 3, 275),
	(61, 'GDP q/q', 24, '0.3%', '0.3%', 2, 276),
	(62, 'KOF Economic Barometer', 24, '102.2', '101.8', 3, 276),
	(63, 'Spanish Flash CPI y/y', 3, '3.7%', '3.3%', 2, 276),
	(64, 'FOMC Member Williams Speaks', 24, '', '', 3, 277),
	(65, 'Trade Balance', 24, '3.98B', '3.54B', 3, 278),
	(66, 'Retail Sales y/y', 24, '0.2%', '-0.1%', 3, 279),
	(67, 'Chicago PMI', 24, '41.1', '37.9', 2, 280),
	(68, 'M4 Money Supply m/m', 14, '0.4%', '0.7%', 3, 281),
	(69, 'Mortgage Approvals', 14, '62K', '61K', 3, 281),
	(70, 'Net Lending to Individuals m/m', 14, '2.0B', '1.8B', 3, 281),
	(71, 'Core CPI Flash Estimate y/y', 3, '2.7%', '2.7%', 2, 282),
	(72, 'CPI Flash Estimate y/y', 3, '2.5%', '2.4%', 2, 282),
	(73, 'Italian Prelim CPI m/m', 3, '0.2%', '0.2%', 3, 282),
	(74, 'GDP m/m', 6, '0.0%', '0.2%', 1, 283),
	(75, 'Core PCE Price Index m/m', 24, '0.2%', '0.3%', 1, 283),
	(76, 'Personal Income m/m', 24, '0.3%', '0.5%', 3, 283),
	(77, 'Personal Spending m/m', 24, '0.3%', '0.8%', 3, 283),
	(78, 'FOMC Member Bostic Speaks', 24, '', '', 3, 284),
	(79, 'French Consumer Spending m/m', 3, '0.2%', '0.4%', 3, 285),
	(80, 'French Prelim CPI m/m', 3, '0.1%', '0.5%', 3, 285),
	(81, 'French Prelim GDP q/q', 3, '0.2%', '0.2%', 3, 285),
	(82, 'French Final Private Payrolls q/q', 3, '0.2%', '0.2%', 3, 286),
	(83, 'German Import Prices m/m', 3, '0.5%', '0.4%', 3, 287),
	(84, 'German Retail Sales m/m', 3, '-0.2%', '1.8%', 3, 287),
	(85, 'Nationwide HPI m/m', 14, '0.1%', '-0.4%', 3, 287),
	(86, 'Housing Starts y/y', 18, '-0.2%', '-12.8%', 3, 288);
/*!40000 ALTER TABLE `market_news_entries` ENABLE KEYS */;

-- Dumping structure for table flowerpot-api.market_news_slots
CREATE TABLE IF NOT EXISTS `market_news_slots` (
  `id` bigint(20) NOT NULL AUTO_INCREMENT,
  `time` time(6) DEFAULT NULL,
  `news_id` bigint(20) DEFAULT NULL,
  PRIMARY KEY (`id`),
  KEY `FKgx55cd7fhbmhyfm2jig419vpp` (`news_id`),
  CONSTRAINT `FKgx55cd7fhbmhyfm2jig419vpp` FOREIGN KEY (`news_id`) REFERENCES `market_news` (`id`)
) ENGINE=InnoDB AUTO_INCREMENT=289 DEFAULT CHARSET=utf8;

-- Dumping data for table flowerpot-api.market_news_slots: ~233 rows (approximately)
/*!40000 ALTER TABLE `market_news_slots` DISABLE KEYS */;
REPLACE INTO `market_news_slots` (`id`, `time`, `news_id`) VALUES
	(234, '20:05:00.000000', 26),
	(235, '19:50:00.000000', 27),
	(236, '08:00:00.000000', 27),
	(237, '21:30:00.000000', 27),
	(238, '19:01:00.000000', 27),
	(239, '04:00:00.000000', 27),
	(240, '03:00:00.000000', 27),
	(241, '08:59:00.000000', 27),
	(242, '13:05:00.000000', 28),
	(243, '00:55:00.000000', 28),
	(244, '21:00:00.000000', 28),
	(245, '21:30:00.000000', 28),
	(246, '08:30:00.000000', 28),
	(247, '06:00:00.000000', 28),
	(248, '20:30:00.000000', 28),
	(249, '09:00:00.000000', 28),
	(250, '10:00:00.000000', 28),
	(251, '02:00:00.000000', 28),
	(252, '01:00:00.000000', 28),
	(253, '18:45:00.000000', 29),
	(254, '18:50:00.000000', 29),
	(255, '21:30:00.000000', 29),
	(256, '19:00:00.000000', 29),
	(257, '02:29:00.000000', 29),
	(258, '20:00:00.000000', 29),
	(259, '04:00:00.000000', 29),
	(260, '10:00:00.000000', 29),
	(261, '02:00:00.000000', 29),
	(262, '01:00:00.000000', 29),
	(263, '14:00:00.000000', 29),
	(264, '13:45:00.000000', 29),
	(265, '21:30:00.000000', 30),
	(266, '05:00:00.000000', 30),
	(267, '05:33:00.000000', 30),
	(268, '19:30:00.000000', 30),
	(269, '11:00:00.000000', 30),
	(270, '10:00:00.000000', 30),
	(271, '10:30:00.000000', 30),
	(272, '19:50:00.000000', 30),
	(273, '08:30:00.000000', 30),
	(274, '22:00:00.000000', 30),
	(275, '04:00:00.000000', 30),
	(276, '03:00:00.000000', 30),
	(277, '12:05:00.000000', 30),
	(278, '02:00:00.000000', 30),
	(279, '02:30:00.000000', 31),
	(280, '09:45:00.000000', 31),
	(281, '04:30:00.000000', 31),
	(282, '05:00:00.000000', 31),
	(283, '08:30:00.000000', 31),
	(284, '18:15:00.000000', 31),
	(285, '02:45:00.000000', 31),
	(286, '01:30:00.000000', 31),
	(287, '02:00:00.000000', 31),
	(288, '01:00:00.000000', 31);
/*!40000 ALTER TABLE `market_news_slots` ENABLE KEYS */;

-- Dumping structure for table flowerpot-api.phone_numbers
CREATE TABLE IF NOT EXISTS `phone_numbers` (
  `id` bigint(20) NOT NULL AUTO_INCREMENT,
  `country_code` smallint(6) DEFAULT NULL,
  `phone_type` tinyint(4) DEFAULT NULL CHECK (`phone_type` between 0 and 3),
  `telephone_number` bigint(20) DEFAULT NULL,
  `user_id` bigint(20) DEFAULT NULL,
  PRIMARY KEY (`id`),
  KEY `FKg077extnnxwv904qjw2kwinpg` (`user_id`),
  CONSTRAINT `FKg077extnnxwv904qjw2kwinpg` FOREIGN KEY (`user_id`) REFERENCES `users` (`id`)
) ENGINE=InnoDB AUTO_INCREMENT=3 DEFAULT CHARSET=utf8;

-- Dumping data for table flowerpot-api.phone_numbers: ~1 rows (approximately)
/*!40000 ALTER TABLE `phone_numbers` DISABLE KEYS */;
REPLACE INTO `phone_numbers` (`id`, `country_code`, `phone_type`, `telephone_number`, `user_id`) VALUES
	(2, 1, 0, 5149411025, 6);
/*!40000 ALTER TABLE `phone_numbers` ENABLE KEYS */;

-- Dumping structure for table flowerpot-api.trades
CREATE TABLE IF NOT EXISTS `trades` (
  `id` bigint(20) NOT NULL AUTO_INCREMENT,
  `close_price` double DEFAULT NULL,
  `lot_size` double DEFAULT NULL,
  `net_profit` double DEFAULT NULL,
  `open_price` double DEFAULT NULL,
  `product` varchar(255) DEFAULT NULL,
  `stop_loss` double DEFAULT NULL,
  `take_profit` double DEFAULT NULL,
  `trade_close_time` datetime(6) DEFAULT NULL,
  `trade_id` varchar(255) DEFAULT NULL,
  `trade_open_time` datetime(6) DEFAULT NULL,
  `trade_platform` tinyint(4) DEFAULT NULL CHECK (`trade_platform` between 0 and 4),
  `trade_type` tinyint(4) DEFAULT NULL CHECK (`trade_type` between 0 and 2),
  `account_id` bigint(20) DEFAULT NULL,
  PRIMARY KEY (`id`),
  UNIQUE KEY `UniqueTradeIdAndAccount` (`trade_id`,`account_id`),
  KEY `FKds5jnjr17mtmbf5vannnd7j57` (`account_id`),
  CONSTRAINT `FKds5jnjr17mtmbf5vannnd7j57` FOREIGN KEY (`account_id`) REFERENCES `accounts` (`id`)
) ENGINE=InnoDB AUTO_INCREMENT=239 DEFAULT CHARSET=utf8;

-- Dumping data for table flowerpot-api.trades: ~0 rows (approximately)
/*!40000 ALTER TABLE `trades` DISABLE KEYS */;
REPLACE INTO `trades` (`id`, `close_price`, `lot_size`, `net_profit`, `open_price`, `product`, `stop_loss`, `take_profit`, `trade_close_time`, `trade_id`, `trade_open_time`, `trade_platform`, `trade_type`, `account_id`) VALUES
	(1, 17405.06, 0.29, -16.62, 17407.14, 'ndaq100', 0, 17450, '2024-05-02 17:34:10.000000', '14106285', '2024-05-02 17:32:09.000000', 1, 0, 1),
	(2, 17990.75, 0.29, 1.99, 17990.5, 'ndaq100', 17977.72, 18011.24, '2024-05-06 16:39:01.000000', '14160243', '2024-05-06 16:38:27.000000', 1, 0, 1),
	(3, 17403.57, 0.29, -24.53, 17406.64, 'ndaq100', 0, 17430, '2024-05-02 17:34:13.000000', '14106286', '2024-05-02 17:32:09.000000', 1, 0, 1),
	(4, 18052.66, 0.29, -120.5, 18067.71, 'ndaq100', 18052.89, 18106.14, '2024-05-08 17:12:35.000000', '14192879', '2024-05-08 17:05:24.000000', 1, 0, 1),
	(5, 18728, 0.29, -32.81, 18723.88, 'ndaq100', 18727.84, 0, '2024-05-22 16:44:21.000000', '14443886', '2024-05-22 16:44:08.000000', 1, 1, 1),
	(6, 18729.5, 0.29, -26.92, 18732.88, 'ndaq100', 18727.05, 18739.97, '2024-05-22 16:48:47.000000', '14444058', '2024-05-22 16:47:49.000000', 1, 0, 1),
	(7, 17379.75, 0.29, 110.27, 17366, 'ndaq100', 17364.08, 17380.71, '2024-05-01 16:35:46.000000', '14057345', '2024-05-01 16:35:19.000000', 1, 0, 1),
	(8, 17400.38, 0.29, -21.04, 17397.75, 'ndaq100', 0, 0, '2024-05-02 16:48:57.000000', '14103448', '2024-05-02 16:48:48.000000', 1, 1, 1),
	(9, 17349.99, 0.29, 185.07, 17373.15, 'ndaq100', 0, 0, '2024-05-02 17:42:55.000000', '14106717', '2024-05-02 17:42:01.000000', 1, 1, 1),
	(10, 18028.88, 0.29, -0.96, 18029, 'ndaq100', 18022.43, 18042.49, '2024-05-09 16:44:47.000000', '14208630', '2024-05-09 16:42:36.000000', 1, 0, 1),
	(11, 18063.5, 0.29, -190.57, 18039.63, 'ndaq100', 18067.05, 18041.32, '2024-05-09 17:01:00.000000', '14208993', '2024-05-09 16:54:09.000000', 1, 1, 1),
	(12, 18729.88, 0.29, -31.86, 18733.88, 'ndaq100', 18728.43, 18741.01, '2024-05-22 16:48:48.000000', '14444062', '2024-05-22 16:47:54.000000', 1, 0, 1),
	(13, 17396.45, 0.29, 87.76, 17385.47, 'ndaq100', 17381.36, 17399.93, '2024-05-02 17:25:31.000000', '14105864', '2024-05-02 17:24:20.000000', 1, 0, 1),
	(14, 18622.88, 0.29, -27.82, 18619.38, 'ndaq100', 18622.78, 18608.11, '2024-05-16 17:05:34.000000', '14344203', '2024-05-16 17:01:00.000000', 1, 1, 1),
	(15, 18628.67, 0.29, -25.4, 18631.86, 'ndaq100', 18624.46, 18636.71, '2024-05-21 17:01:38.000000', '14418575', '2024-05-21 17:01:01.000000', 1, 0, 1),
	(16, 18619.38, 0.29, -63.57, 18611.38, 'ndaq100', 18619.09, 18592.46, '2024-05-16 17:19:56.000000', '14344689', '2024-05-16 17:15:57.000000', 1, 1, 1),
	(17, 18205.54, 0.29, 274.08, 18171.15, 'ndaq100', 18193.5, 18220, '2024-05-13 19:37:47.000000', '14249184', '2024-05-13 18:30:21.000000', 1, 0, 1),
	(18, 17353.58, 0.29, 162.29, 17373.89, 'ndaq100', 0, 0, '2024-05-02 17:42:53.000000', '14106714', '2024-05-02 17:41:58.000000', 1, 1, 1),
	(19, 18365.04, 0.29, 48.21, 18371.1, 'ndaq100', 18374.6, 18358.24, '2024-05-15 16:50:55.000000', '14302144', '2024-05-15 16:50:26.000000', 1, 1, 1),
	(20, 17843.87, 0.29, -174.79, 17865.84, 'ndaq100', 17843.95, 17913.29, '2024-05-03 17:01:39.000000', '14137332', '2024-05-03 17:00:42.000000', 1, 0, 1),
	(21, 17380.66, 0.29, 146.87, 17362.28, 'ndaq100', 0, 17380.66, '2024-05-02 17:47:32.000000', '14107001', '2024-05-02 17:46:51.000000', 1, 0, 1),
	(22, 17979.13, 0.29, -32.79, 17983.25, 'ndaq100', 17978.04, 17996.98, '2024-05-06 16:46:06.000000', '14160499', '2024-05-06 16:45:04.000000', 1, 0, 1),
	(23, 18066.18, 0.29, -46.69, 18060.35, 'ndaq100', 18066.1, 18053.49, '2024-05-08 17:00:32.000000', '14192746', '2024-05-08 17:00:12.000000', 1, 1, 1),
	(24, 18712.63, 0.29, -46.75, 18718.5, 'ndaq100', 18712.73, 18726.95, '2024-05-22 16:41:11.000000', '14443777', '2024-05-22 16:40:41.000000', 1, 0, 1),
	(25, 17365.86, 0.29, 4.41, 17366.41, 'ndaq100', 17368.01, 17341.72, '2024-05-01 17:02:32.000000', '14058684', '2024-05-01 17:01:36.000000', 1, 1, 1),
	(26, 18725.38, 0.29, -15.93, 18727.38, 'ndaq100', 0, 0, '2024-05-22 16:45:59.000000', '14443895', '2024-05-22 16:44:30.000000', 1, 0, 1),
	(27, 18725.38, 0.29, -31.86, 18729.38, 'ndaq100', 0, 0, '2024-05-22 16:46:01.000000', '14443896', '2024-05-22 16:44:36.000000', 1, 0, 1),
	(28, 18037.75, 0.29, 15.97, 18035.75, 'ndaq100', 18025.66, 18049.15, '2024-05-09 16:52:30.000000', '14208854', '2024-05-09 16:51:16.000000', 1, 0, 1),
	(29, 17352.67, 0.29, 95.32, 17364.55, 'ndaq100', 17372.67, 17349.41, '2024-05-01 17:02:17.000000', '14058687', '2024-05-01 17:01:44.000000', 1, 1, 1),
	(30, 18679.86, 0.29, 83.23, 18669.4, 'ndaq100', 18667.59, 18692.37, '2024-05-21 21:19:45.000000', '14423467', '2024-05-21 20:08:18.000000', 1, 0, 1),
	(31, 18094.52, 0.29, 80.08, 18084.48, 'ndaq100', 18084.54, 18097.37, '2024-05-07 17:04:12.000000', '14175500', '2024-05-07 17:02:03.000000', 1, 0, 1),
	(32, 18030, 0.29, -33.96, 18034.25, 'ndaq100', 18020.46, 18039.53, '2024-05-09 16:43:19.000000', '14208620', '2024-05-09 16:42:22.000000', 1, 0, 1),
	(33, 17398.5, 0.29, -44, 17404, 'ndaq100', 17398.58, 17422.15, '2024-05-02 16:48:41.000000', '14103430', '2024-05-02 16:48:32.000000', 1, 0, 1),
	(34, 17396.63, 0.29, 109.22, 17410.3, 'ndaq100', 17413.93, 17393.27, '2024-05-02 17:35:49.000000', '14106389', '2024-05-02 17:34:49.000000', 1, 1, 1),
	(35, 18609, 0.29, 4.93, 18608.38, 'ndaq100', 18601.99, 18632.25, '2024-05-16 17:15:48.000000', '14344576', '2024-05-16 17:11:50.000000', 1, 0, 1),
	(36, 18068.2, 0.29, -18.34, 18065.91, 'ndaq100', 0, 18058.29, '2024-05-08 17:05:17.000000', '14192860', '2024-05-08 17:04:05.000000', 1, 1, 1),
	(37, 17896.92, 0.29, -3.74, 17897.39, 'ndaq100', 17886.55, 17914.8, '2024-05-03 16:54:02.000000', '14136477', '2024-05-03 16:53:20.000000', 1, 0, 1),
	(38, 17375.27, 0.29, 40.6, 17380.33, 'ndaq100', 17386.26, 17370.34, '2024-05-01 16:39:50.000000', '14057447', '2024-05-01 16:39:09.000000', 1, 1, 1),
	(39, 18618.34, 0.29, -1.59, 18618.54, 'ndaq100', 18612.68, 18631.14, '2024-05-21 16:42:51.000000', '14417217', '2024-05-21 16:40:10.000000', 1, 0, 1),
	(40, 18036.25, 0.29, -2, 18036, 'ndaq100', 18045.62, 18026.05, '2024-05-09 16:42:11.000000', '14208609', '2024-05-09 16:41:46.000000', 1, 1, 1),
	(41, 18034.25, 0.29, 43.96, 18039.75, 'ndaq100', 18052.68, 18022.27, '2024-05-09 16:42:09.000000', '14208607', '2024-05-09 16:41:41.000000', 1, 1, 1),
	(42, 18628.17, 0.29, -77.25, 18618.46, 'ndaq100', 0, 0, '2024-05-21 17:14:10.000000', '14419080', '2024-05-21 17:13:15.000000', 1, 1, 1),
	(43, 18713.63, 0.29, -29.87, 18717.38, 'ndaq100', 18713.72, 0, '2024-05-22 16:41:11.000000', '14443784', '2024-05-22 16:40:56.000000', 1, 0, 1),
	(44, 18041.38, 0.29, -14.94, 18043.25, 'ndaq100', 18036.9, 18055.97, '2024-05-09 16:41:36.000000', '14208601', '2024-05-09 16:41:27.000000', 1, 0, 1),
	(45, 18743.88, 0.29, -122.5, 18728.5, 'ndaq100', 18744.87, 18674.5, '2024-05-22 16:52:49.000000', '14444078', '2024-05-22 16:48:52.000000', 1, 1, 1),
	(46, 18743.5, 0.29, -106.49, 18730.13, 'ndaq100', 18744.87, 18676.56, '2024-05-22 16:52:48.000000', '14444079', '2024-05-22 16:48:54.000000', 1, 1, 1),
	(47, 18037.75, 0.29, 29.94, 18034, 'ndaq100', 18024.31, 18044.9, '2024-05-09 16:52:29.000000', '14208853', '2024-05-09 16:51:15.000000', 1, 0, 1),
	(48, 18304.05, 0.29, 135.28, 18287.05, 'ndaq100', 18298.16, 18326.26, '2024-05-14 22:05:51.000000', '14277187', '2024-05-14 21:16:54.000000', 1, 0, 1),
	(49, 18028, 0.29, -19.97, 18025.5, 'ndaq100', 18029.5, 18013.39, '2024-05-09 16:46:41.000000', '14208732', '2024-05-09 16:46:14.000000', 1, 1, 1),
	(50, 18625.9, 0.29, -39.26, 18630.83, 'ndaq100', 18625.99, 18639.16, '2024-05-21 17:01:08.000000', '14418555', '2024-05-21 17:00:35.000000', 1, 0, 1),
	(51, 18609.3, 0.29, 74.59, 18618.67, 'ndaq100', 18624.64, 18609.3, '2024-05-21 16:45:09.000000', '14417340', '2024-05-21 16:44:29.000000', 1, 1, 1),
	(52, 17827.03, 0.29, -176.31, 17849.17, 'ndaq100', 0, 17907.15, '2024-05-03 17:05:01.000000', '14137450', '2024-05-03 17:01:43.000000', 1, 0, 1),
	(53, 17385.42, 0.29, 53.94, 17392.17, 'ndaq100', 0, 17364.2, '2024-05-02 17:41:46.000000', '14106615', '2024-05-02 17:40:29.000000', 1, 1, 1),
	(54, 17405.6, 0.29, -139, 17388.21, 'ndaq100', 17405.18, 17366.3, '2024-05-02 17:31:25.000000', '14106176', '2024-05-02 17:31:01.000000', 1, 1, 1),
	(55, 17391.55, 0.29, -6.47, 17390.74, 'ndaq100', 17405.88, 17360, '2024-05-02 17:29:58.000000', '14106057', '2024-05-02 17:26:49.000000', 1, 1, 1),
	(56, 17369.25, 0.29, -119.16, 17354.39, 'ndaq100', 17369.09, 17337.07, '2024-05-01 17:01:32.000000', '14058663', '2024-05-01 17:01:13.000000', 1, 1, 1),
	(57, 18030.88, 0.29, 67.87, 18022.38, 'ndaq100', 0, 0, '2024-05-09 16:50:56.000000', '14208834', '2024-05-09 16:50:22.000000', 1, 0, 1),
	(58, 18692.26, 0.29, 234.48, 18662.79, 'ndaq100', 18645.08, 18692.26, '2024-05-21 21:02:14.000000', '14423451', '2024-05-21 20:05:09.000000', 1, 0, 1),
	(59, 18031.25, 0.29, 74.81, 18021.88, 'ndaq100', 0, 18039.3, '2024-05-09 16:50:55.000000', '14208833', '2024-05-09 16:50:21.000000', 1, 0, 1),
	(60, 18620.38, 0.29, -58.66, 18613, 'ndaq100', 18620.05, 18605.85, '2024-05-16 17:05:28.000000', '14344317', '2024-05-16 17:04:57.000000', 1, 1, 1),
	(61, 18064.63, 0.29, -242.55, 18034.25, 'ndaq100', 18068.17, 18039.98, '2024-05-09 17:01:01.000000', '14208963', '2024-05-09 16:53:45.000000', 1, 1, 1),
	(62, 18097.37, 0.29, 36.7, 18101.97, 'ndaq100', 18107.82, 18091.28, '2024-05-07 16:56:54.000000', '14175400', '2024-05-07 16:56:11.000000', 1, 1, 1),
	(63, 17389.96, 0.29, -1.44, 17390.14, 'ndaq100', 17373.02, 17398.06, '2024-05-01 16:42:31.000000', '14057581', '2024-05-01 16:42:02.000000', 1, 0, 1),
	(64, 18092.41, 0.29, 15.47, 18090.47, 'ndaq100', 18084.01, 18098.95, '2024-05-07 17:03:23.000000', '14175526', '2024-05-07 17:02:59.000000', 1, 0, 1),
	(65, 18097.75, 0.29, 85.94, 18087, 'ndaq100', 18083.1, 18099.04, '2024-05-09 16:32:32.000000', '14208286', '2024-05-09 16:31:51.000000', 1, 0, 1),
	(66, 18059.57, 0.29, -43.32, 18054.16, 'ndaq100', 18059.49, 18040.67, '2024-05-08 16:55:36.000000', '14192644', '2024-05-08 16:54:29.000000', 1, 1, 1),
	(67, 18053.78, 0.29, -131.39, 18070.19, 'ndaq100', 18053.89, 18086.32, '2024-05-08 17:12:34.000000', '14192880', '2024-05-08 17:05:28.000000', 1, 0, 1),
	(68, 17345.29, 0.29, 136.34, 17362.35, 'ndaq100', 17370.86, 17345.29, '2024-05-02 17:46:18.000000', '14106846', '2024-05-02 17:43:38.000000', 1, 1, 1),
	(69, 18627.79, 0.29, -77.17, 18618.09, 'ndaq100', 0, 0, '2024-05-21 17:14:20.000000', '14419079', '2024-05-21 17:13:15.000000', 1, 1, 1),
	(70, 17383.67, 0.29, 73.82, 17374.47, 'ndaq100', 17371.95, 17388.58, '2024-05-01 16:41:50.000000', '14057549', '2024-05-01 16:41:10.000000', 1, 0, 1),
	(71, 18104.63, 0.29, -21.38, 18101.95, 'ndaq100', 18104.51, 18089.3, '2024-05-07 16:55:14.000000', '14175380', '2024-05-07 16:54:30.000000', 1, 1, 1),
	(72, 18072.63, 0.29, -78.41, 18062.84, 'ndaq100', 18071.91, 18050.88, '2024-05-08 17:00:41.000000', '14192711', '2024-05-08 16:59:58.000000', 1, 1, 1),
	(73, 18027.25, 0.29, -15.98, 18025.25, 'ndaq100', 18033.61, 18015.37, '2024-05-09 16:45:53.000000', '14208708', '2024-05-09 16:45:27.000000', 1, 1, 1),
	(74, 17902.9, 0.29, 27.04, 17899.5, 'ndaq100', 17888.18, 17915.89, '2024-05-03 16:57:04.000000', '14136615', '2024-05-03 16:55:01.000000', 1, 0, 1),
	(75, 18027.5, 0.29, 7.03, 18028.38, 'ndaq100', 18032.46, 18018.65, '2024-05-09 16:46:39.000000', '14208705', '2024-05-09 16:45:20.000000', 1, 1, 1),
	(76, 17384.65, 0.29, -115.61, 17370.24, 'ndaq100', 17384.29, 17359.25, '2024-05-01 16:38:44.000000', '14057423', '2024-05-01 16:38:34.000000', 1, 1, 1),
	(77, 17394.98, 0.29, -64.51, 17386.91, 'ndaq100', 17397.47, 17373.31, '2024-05-02 17:28:09.000000', '14106081', '2024-05-02 17:26:58.000000', 1, 1, 1),
	(78, 17345.45, 0.29, 57.2, 17352.58, 'ndaq100', 17362.47, 17331.7, '2024-05-01 17:04:01.000000', '14058874', '2024-05-01 17:03:39.000000', 1, 1, 1),
	(79, 18631.88, 0.29, -13.21, 18630.22, 'ndaq100', 18639.92, 18619.56, '2024-05-21 17:10:04.000000', '14418929', '2024-05-21 17:08:08.000000', 1, 1, 1),
	(80, 17891.73, 0.29, -88.41, 17902.85, 'ndaq100', 17891.99, 0, '2024-05-03 16:55:52.000000', '14136618', '2024-05-03 16:55:02.000000', 1, 0, 1),
	(81, 17411.38, 0.29, -265.88, 17378.13, 'ndaq100', 17411.06, 17361.33, '2024-05-02 16:56:41.000000', '14103800', '2024-05-02 16:53:26.000000', 1, 1, 1),
	(82, 18119.94, 0.29, 35, 18115.55, 'ndaq100', 18111.26, 18127.79, '2024-05-07 16:46:15.000000', '14175137', '2024-05-07 16:45:03.000000', 1, 0, 1),
	(83, 18075.63, 0.29, -26.93, 18079, 'ndaq100', 18075.7, 18090.33, '2024-05-09 16:35:52.000000', '14208393', '2024-05-09 16:35:24.000000', 1, 0, 1),
	(84, 18624.31, 0.29, -10.99, 18622.93, 'ndaq100', 18625.29, 18614.11, '2024-05-21 16:43:56.000000', '14417289', '2024-05-21 16:43:24.000000', 1, 1, 1),
	(85, 17409.38, 0.29, -30.94, 17413.25, 'ndaq100', 17401.21, 17433.71, '2024-05-02 16:58:11.000000', '14103927', '2024-05-02 16:56:57.000000', 1, 0, 1),
	(86, 17414.38, 0.29, -270.92, 17380.5, 'ndaq100', 17414.01, 17366.75, '2024-05-02 16:56:57.000000', '14103805', '2024-05-02 16:53:27.000000', 1, 1, 1),
	(87, 17383.93, 0.29, 63.87, 17375.97, 'ndaq100', 17370.7, 17394.49, '2024-05-01 16:41:42.000000', '14057557', '2024-05-01 16:41:15.000000', 1, 0, 1),
	(88, 17375.66, 0.29, 59.29, 17383.05, 'ndaq100', 17385.72, 17362.83, '2024-05-01 16:39:56.000000', '14057436', '2024-05-01 16:38:54.000000', 1, 1, 1),
	(89, 18207.63, 0.29, -51.61, 18214.12, 'ndaq100', 18201.6, 18228.14, '2024-05-14 17:16:32.000000', '14270144', '2024-05-14 17:08:22.000000', 1, 0, 1),
	(90, 17977.5, 0.29, -16.96, 17979.63, 'ndaq100', 0, 0, '2024-05-06 16:40:29.000000', '14160334', '2024-05-06 16:40:08.000000', 1, 0, 1),
	(91, 18202.92, 0.29, -58.21, 18210.24, 'ndaq100', 18200.36, 18228.89, '2024-05-14 17:16:38.000000', '14270146', '2024-05-14 17:08:38.000000', 1, 0, 1),
	(92, 17839.75, 0.29, 111.35, 17825.75, 'ndaq100', 17816.16, 17847, '2024-05-03 16:36:15.000000', '14134427', '2024-05-03 16:35:34.000000', 1, 0, 1),
	(93, 18022.13, 0.29, -71.88, 18013.13, 'ndaq100', 18022.75, 18001.49, '2024-05-09 16:50:18.000000', '14208814', '2024-05-09 16:49:23.000000', 1, 1, 1),
	(94, 18021.75, 0.29, -51.91, 18015.25, 'ndaq100', 18026.1, 17996.57, '2024-05-09 16:50:19.000000', '14208812', '2024-05-09 16:49:16.000000', 1, 1, 1),
	(95, 17393.75, 0.29, 51.99, 17387.25, 'ndaq100', 17384.38, 17400.6, '2024-05-02 16:51:09.000000', '14103595', '2024-05-02 16:50:00.000000', 1, 0, 1),
	(96, 17385.05, 0.29, 36.04, 17389.56, 'ndaq100', 0, 17360.35, '2024-05-02 17:41:46.000000', '14106620', '2024-05-02 17:40:31.000000', 1, 1, 1),
	(97, 18739.13, 0.29, -35.85, 18734.63, 'ndaq100', 18738.75, 18727.55, '2024-05-22 16:33:05.000000', '14443507', '2024-05-22 16:32:52.000000', 1, 1, 1),
	(98, 18068.07, 0.29, -42.2, 18062.8, 'ndaq100', 0, 18055.49, '2024-05-08 17:05:13.000000', '14192855', '2024-05-08 17:03:43.000000', 1, 1, 1),
	(99, 17378.36, 0.29, -81.57, 17388.57, 'ndaq100', 17364.55, 17407.28, '2024-05-02 17:48:59.000000', '14107070', '2024-05-02 17:47:41.000000', 1, 0, 1),
	(100, 18630.13, 0.29, -90.23, 18618.79, 'ndaq100', 0, 18615.73, '2024-05-21 17:09:36.000000', '14418907', '2024-05-21 17:07:20.000000', 1, 1, 1),
	(101, 18629.66, 0.29, 64.62, 18621.54, 'ndaq100', 0, 18629.66, '2024-05-21 17:08:06.000000', '14418908', '2024-05-21 17:07:27.000000', 1, 0, 1),
	(102, 18628.92, 0.29, -0.8, 18629.02, 'ndaq100', 18625.84, 18639.16, '2024-05-21 17:02:03.000000', '14418592', '2024-05-21 17:01:13.000000', 1, 0, 1),
	(103, 18654.85, 0.29, 126.45, 18638.91, 'ndaq100', 18647.82, 0, '2024-05-16 18:55:44.000000', '14346926', '2024-05-16 18:21:17.000000', 1, 0, 1),
	(104, 18099.63, 0.29, 3.91, 18100.12, 'ndaq100', 18100.67, 18087.31, '2024-05-07 16:53:58.000000', '14175279', '2024-05-07 16:52:55.000000', 1, 1, 1),
	(105, 18098.88, 0.29, 15.99, 18100.88, 'ndaq100', 18105.29, 18089.51, '2024-05-09 16:31:17.000000', '14208255', '2024-05-09 16:30:57.000000', 1, 1, 1),
	(106, 18099.78, 0.29, -30.71, 18103.63, 'ndaq100', 18099.88, 0, '2024-05-07 16:55:27.000000', '14175394', '2024-05-07 16:55:22.000000', 1, 0, 1),
	(107, 18618.63, 0.29, -75.48, 18609.13, 'ndaq100', 18618.16, 18591.12, '2024-05-16 17:19:54.000000', '14344743', '2024-05-16 17:16:24.000000', 1, 1, 1),
	(108, 18094.85, 0.29, 84.56, 18105.45, 'ndaq100', 18105.7, 18094.85, '2024-05-07 16:57:09.000000', '14175398', '2024-05-07 16:56:04.000000', 1, 1, 1),
	(109, 18103.74, 0.29, -7.98, 18104.74, 'ndaq100', 0, 0, '2024-05-07 16:55:37.000000', '14175397', '2024-05-07 16:55:33.000000', 1, 0, 1),
	(110, 18104.21, 0.29, -8.22, 18105.24, 'ndaq100', 18098.82, 18116.55, '2024-05-07 16:55:56.000000', '14175396', '2024-05-07 16:55:32.000000', 1, 0, 1),
	(111, 18428.23, 0.29, 105.23, 18415.01, 'ndaq100', 18409.47, 18428.23, '2024-05-15 17:08:20.000000', '14303311', '2024-05-15 17:06:49.000000', 1, 0, 1),
	(112, 17341.62, 0.29, 123.47, 17357.01, 'ndaq100', 17363.36, 17331.88, '2024-05-01 17:04:07.000000', '14058867', '2024-05-01 17:03:33.000000', 1, 1, 1),
	(113, 17869.32, 0.29, 76.59, 17878.95, 'ndaq100', 0, 0, '2024-05-03 17:00:38.000000', '14136821', '2024-05-03 17:00:22.000000', 1, 1, 1),
	(114, 18728, 0.29, -80.6, 18717.88, 'ndaq100', 18728.13, 18708.68, '2024-05-22 16:44:21.000000', '14443876', '2024-05-22 16:43:26.000000', 1, 1, 1),
	(115, 18732.5, 0.29, -56.72, 18725.38, 'ndaq100', 18734.75, 18713.52, '2024-05-22 16:47:47.000000', '14443997', '2024-05-22 16:46:02.000000', 1, 1, 1),
	(116, 17829.27, 0.29, -821.25, 17932.4, 'ndaq100', 0, 17919.42, '2024-05-03 17:05:00.000000', '14136823', '2024-05-03 17:00:00.000000', 1, 0, 1),
	(117, 17373.46, 0.29, -33.46, 17369.29, 'ndaq100', 17377.85, 17356.39, '2024-05-01 16:41:05.000000', '14057533', '2024-05-01 16:40:42.000000', 1, 1, 1),
	(118, 18714.88, 0.29, -99.56, 18727.38, 'ndaq100', 18715.23, 0, '2024-05-22 16:40:49.000000', '14443751', '2024-05-22 16:40:15.000000', 1, 0, 1),
	(119, 17408.25, 0.29, -67.96, 17416.75, 'ndaq100', 17405.64, 17438.14, '2024-05-02 16:58:12.000000', '14103931', '2024-05-02 16:56:59.000000', 1, 0, 1),
	(120, 18062.25, 0.29, -24.99, 18065.38, 'ndaq100', 0, 18124.42, '2024-05-09 17:01:49.000000', '14209212', '2024-05-09 17:01:05.000000', 1, 0, 1),
	(121, 18061.13, 0.29, -24.91, 18064.25, 'ndaq100', 0, 18109.85, '2024-05-09 17:01:49.000000', '14209210', '2024-05-09 17:01:02.000000', 1, 0, 1),
	(122, 18651.01, 0.29, 2.78, 18650.66, 'ndaq100', 18651.29, 18671.36, '2024-05-16 18:56:15.000000', '14346939', '2024-05-16 18:28:04.000000', 1, 0, 1),
	(123, 17389.6, 0.29, -31.87, 17393.59, 'ndaq100', 17388.37, 17402.38, '2024-05-02 17:39:02.000000', '14106523', '2024-05-02 17:38:01.000000', 1, 0, 1),
	(124, 18650.53, 0.29, 224.52, 18622.24, 'ndaq100', 18615.82, 18650.53, '2024-05-16 20:15:11.000000', '14348651', '2024-05-16 19:35:57.000000', 1, 0, 1),
	(125, 17399.86, 0.29, -107.7, 17386.38, 'ndaq100', 17407.98, 17357.9, '2024-05-02 17:40:17.000000', '14106563', '2024-05-02 17:39:14.000000', 1, 1, 1),
	(126, 17988.5, 0.29, 0, 17988.5, 'ndaq100', 17993.02, 17984.34, '2024-05-06 16:56:46.000000', '14160643', '2024-05-06 16:55:48.000000', 1, 1, 1),
	(127, 17436.13, 0.29, -13.04, 17434.5, 'ndaq100', 17445.1, 17413.41, '2024-05-02 16:46:21.000000', '14103297', '2024-05-02 16:45:35.000000', 1, 1, 1),
	(128, 17441.88, 0.29, -2, 17441.63, 'ndaq100', 17445.92, 17428.24, '2024-05-02 16:46:39.000000', '14103290', '2024-05-02 16:45:19.000000', 1, 1, 1),
	(129, 18632.5, 0.29, 83.39, 18622, 'ndaq100', 0, 18639.14, '2024-05-16 17:25:55.000000', '14344845', '2024-05-16 17:21:35.000000', 1, 0, 1),
	(130, 18632.88, 0.29, 72.51, 18623.75, 'ndaq100', 18626.48, 18637.33, '2024-05-16 17:26:18.000000', '14344848', '2024-05-16 17:21:44.000000', 1, 0, 1),
	(131, 18635.84, 0.29, 11.23, 18634.43, 'ndaq100', 18633.95, 18653.4, '2024-05-21 17:05:26.000000', '14418733', '2024-05-21 17:03:10.000000', 1, 0, 1),
	(132, 17398.37, 0.29, -104.82, 17385.25, 'ndaq100', 17412.88, 17365.95, '2024-05-02 17:40:22.000000', '14106558', '2024-05-02 17:39:08.000000', 1, 1, 1),
	(133, 17996.38, 0.29, 119.43, 17981.38, 'ndaq100', 17981.83, 18005.45, '2024-05-06 16:50:13.000000', '14160530', '2024-05-06 16:46:43.000000', 1, 0, 1),
	(134, 17345.43, 0.29, 19.02, 17347.81, 'ndaq100', 17369.81, 17337.24, '2024-05-02 17:46:21.000000', '14106790', '2024-05-02 17:43:12.000000', 1, 1, 1),
	(135, 17993.25, 0.29, 77.63, 17983.5, 'ndaq100', 17983.17, 18000.77, '2024-05-06 16:50:21.000000', '14160533', '2024-05-06 16:47:05.000000', 1, 0, 1),
	(136, 18107.7, 0.29, -5.82, 18108.43, 'ndaq100', 18102.13, 18120.65, '2024-05-07 16:43:37.000000', '14174937', '2024-05-07 16:38:40.000000', 1, 0, 1),
	(137, 17398.17, 0.29, 126.39, 17382.35, 'ndaq100', 17371.56, 17398.17, '2024-05-02 17:49:32.000000', '14107080', '2024-05-02 17:48:06.000000', 1, 0, 1),
	(138, 17901.68, 0.29, -9.78, 17902.91, 'ndaq100', 17888.73, 17916.98, '2024-05-03 16:58:57.000000', '14136768', '2024-05-03 16:57:41.000000', 1, 0, 1),
	(139, 18045.5, 0.29, -107.89, 18059, 'ndaq100', 18045.62, 18072.58, '2024-05-09 16:41:22.000000', '14208589', '2024-05-09 16:40:59.000000', 1, 0, 1),
	(140, 18057.88, 0.29, -45.95, 18052.13, 'ndaq100', 18061.4, 18041.83, '2024-05-09 16:40:58.000000', '14208584', '2024-05-09 16:40:36.000000', 1, 1, 1),
	(141, 17381.25, 0.29, 133.42, 17397.88, 'ndaq100', 17407.01, 17381.25, '2024-05-01 16:31:06.000000', '14057083', '2024-05-01 16:30:56.000000', 1, 1, 1),
	(142, 17444.5, 0.29, -65.97, 17436.25, 'ndaq100', 17444.29, 17420.52, '2024-05-02 16:45:17.000000', '14103276', '2024-05-02 16:45:10.000000', 1, 1, 1),
	(143, 18626.33, 0.29, -21.5, 18623.63, 'ndaq100', 18629.32, 18612.81, '2024-05-21 16:38:20.000000', '14417070', '2024-05-21 16:37:09.000000', 1, 1, 1),
	(144, 17977.75, 0.29, -27.86, 17981.25, 'ndaq100', 17973.58, 17995.64, '2024-05-06 16:41:09.000000', '14160417', '2024-05-06 16:40:53.000000', 1, 0, 1),
	(145, 18046.56, 0.29, 59.43, 18053.98, 'ndaq100', 18056.49, 18041.08, '2024-05-08 16:52:26.000000', '14192586', '2024-05-08 16:49:45.000000', 1, 1, 1),
	(146, 18020.65, 0.29, -24.98, 18017.53, 'ndaq100', 18021.86, 18007.64, '2024-05-08 16:44:19.000000', '14192461', '2024-05-08 16:43:17.000000', 1, 1, 1),
	(147, 18233.07, 0.29, 154.36, 18213.66, 'ndaq100', 18212.07, 18250.37, '2024-05-14 17:23:51.000000', '14270989', '2024-05-14 17:22:27.000000', 1, 0, 1),
	(148, 18726.5, 0.29, -96.53, 18714.38, 'ndaq100', 18726.35, 18706.31, '2024-05-22 16:44:04.000000', '14443826', '2024-05-22 16:42:27.000000', 1, 1, 1),
	(149, 18605, 0.29, -18.84, 18602.63, 'ndaq100', 0, 18591.38, '2024-05-16 17:11:43.000000', '14344390', '2024-05-16 17:06:26.000000', 1, 1, 1),
	(150, 17967.88, 0.29, 74.59, 17977.25, 'ndaq100', 17984.95, 17964, '2024-05-06 16:41:59.000000', '14160424', '2024-05-06 16:41:12.000000', 1, 1, 1),
	(151, 18051, 0.29, -13.99, 18052.75, 'ndaq100', 18045.62, 18071.59, '2024-05-09 16:40:34.000000', '14208569', '2024-05-09 16:40:12.000000', 1, 0, 1),
	(152, 18020.19, 0.29, -6.33, 18020.98, 'ndaq100', 18016.65, 18031.27, '2024-05-08 16:46:03.000000', '14192491', '2024-05-08 16:45:03.000000', 1, 0, 1),
	(153, 18615.63, 0.29, 1.03, 18615.5, 'ndaq100', 0, 18629.66, '2024-05-16 17:21:09.000000', '14344824', '2024-05-16 17:20:28.000000', 1, 0, 1),
	(154, 18084.48, 0.29, 3.83, 18084.96, 'ndaq100', 18091.41, 18074.48, '2024-05-07 17:01:43.000000', '14175479', '2024-05-07 17:01:10.000000', 1, 1, 1),
	(155, 18616, 0.29, -1.99, 18616.25, 'ndaq100', 0, 18627.8, '2024-05-16 17:21:10.000000', '14344823', '2024-05-16 17:20:27.000000', 1, 0, 1),
	(156, 17387.06, 0.29, -25.91, 17383.83, 'ndaq100', 17397.17, 17373.02, '2024-05-01 16:31:12.000000', '14057052', '2024-05-01 16:30:29.000000', 1, 1, 1),
	(157, 18026.25, 0.29, -23.97, 18029.25, 'ndaq100', 18022.93, 18035.92, '2024-05-09 16:45:18.000000', '14208695', '2024-05-09 16:45:07.000000', 1, 0, 1),
	(158, 18107.47, 0.29, 235.95, 18077.98, 'ndaq100', 18079.11, 18125.01, '2024-05-08 17:41:31.000000', '14193104', '2024-05-08 17:20:29.000000', 1, 0, 1),
	(159, 17968, 0.29, 43.78, 17973.5, 'ndaq100', 17980.71, 17960.66, '2024-05-06 16:41:58.000000', '14160427', '2024-05-06 16:41:20.000000', 1, 1, 1),
	(160, 18105.86, 0.29, 313.17, 18066.72, 'ndaq100', 18067.9, 18130.8, '2024-05-08 17:41:23.000000', '14193101', '2024-05-08 17:19:11.000000', 1, 0, 1),
	(161, 18626.11, 0.29, -26.89, 18629.49, 'ndaq100', 18622.16, 18645.59, '2024-05-21 17:19:15.000000', '14419124', '2024-05-21 17:15:02.000000', 1, 0, 1),
	(162, 17396.05, 0.29, -1.28, 17396.21, 'ndaq100', 17386.97, 17413.23, '2024-05-02 17:25:20.000000', '14105921', '2024-05-02 17:25:04.000000', 1, 0, 1),
	(163, 18606.88, 0.29, -33.78, 18602.63, 'ndaq100', 0, 18588.65, '2024-05-16 17:11:36.000000', '14344389', '2024-05-16 17:06:26.000000', 1, 1, 1),
	(164, 17355.4, 0.29, -77.8, 17365.1, 'ndaq100', 17352.81, 17380, '2024-05-01 17:03:32.000000', '14058824', '2024-05-01 17:02:40.000000', 1, 0, 1),
	(165, 17976.88, 0.29, -78.59, 17986.75, 'ndaq100', 17977.15, 18006.56, '2024-05-06 16:39:42.000000', '14160315', '2024-05-06 16:39:15.000000', 1, 0, 1),
	(166, 18058.04, 0.29, 84.97, 18068.65, 'ndaq100', 18071.71, 18053.09, '2024-05-08 17:02:24.000000', '14192802', '2024-05-08 17:01:16.000000', 1, 1, 1),
	(167, 18733.5, 0.29, -27.88, 18730, 'ndaq100', 18734.55, 18716.98, '2024-05-22 16:47:44.000000', '14444002', '2024-05-22 16:46:25.000000', 1, 1, 1),
	(168, 18102.2, 0.29, -24.71, 18105.3, 'ndaq100', 18102.39, 18118.27, '2024-05-07 16:42:22.000000', '14174951', '2024-05-07 16:40:15.000000', 1, 0, 1),
	(169, 17359.86, 0.29, 280.13, 17394.88, 'ndaq100', 17401.21, 17359.86, '2024-05-02 17:01:34.000000', '14103974', '2024-05-02 16:59:53.000000', 1, 1, 1),
	(170, 17369.5, 0.29, 300.98, 17407.13, 'ndaq100', 17435.18, 17362.32, '2024-05-02 17:01:22.000000', '14103972', '2024-05-02 16:58:14.000000', 1, 1, 1),
	(171, 18121.18, 0.29, 100.93, 18108.52, 'ndaq100', 18109.27, 18121.18, '2024-05-07 16:46:52.000000', '14175002', '2024-05-07 16:42:34.000000', 1, 0, 1),
	(172, 18640.41, 0.29, 90, 18629.07, 'ndaq100', 18630.61, 18663.36, '2024-05-16 20:20:46.000000', '14348638', '2024-05-16 19:35:11.000000', 1, 0, 1),
	(173, 18210.13, 0.29, -131.54, 18193.63, 'ndaq100', 18209.96, 18161.19, '2024-05-13 17:24:15.000000', '14247050', '2024-05-13 16:59:35.000000', 1, 1, 1),
	(174, 17386.64, 0.29, -30.28, 17390.43, 'ndaq100', 17383.47, 17407.63, '2024-05-02 17:39:06.000000', '14106480', '2024-05-02 17:36:51.000000', 1, 0, 1),
	(175, 18605.13, 0.29, -83.45, 18615.63, 'ndaq100', 18605.59, 18629.55, '2024-05-16 17:06:16.000000', '14344370', '2024-05-16 17:05:49.000000', 1, 0, 1),
	(176, 18370.98, 0.29, -13.69, 18369.26, 'ndaq100', 18377.48, 18357.52, '2024-05-15 16:56:22.000000', '14302613', '2024-05-15 16:55:43.000000', 1, 1, 1),
	(177, 18613.98, 0.29, 62.25, 18621.8, 'ndaq100', 18625.29, 18613.98, '2024-05-21 16:45:07.000000', '14417318', '2024-05-21 16:44:06.000000', 1, 1, 1),
	(178, 18096.63, 0.29, 23.02, 18093.75, 'ndaq100', 18091.32, 18101.35, '2024-05-09 16:32:36.000000', '14208305', '2024-05-09 16:32:08.000000', 1, 0, 1),
	(179, 17396.75, 0.29, 68, 17388.25, 'ndaq100', 0, 0, '2024-05-02 16:51:04.000000', '14103642', '2024-05-02 16:50:31.000000', 1, 0, 1),
	(180, 18206.46, 0.29, 24.24, 18209.51, 'ndaq100', 0, 0, '2024-05-14 16:58:20.000000', '14254962', '2024-05-14 11:37:18.000000', 1, 1, 1),
	(181, 18016.25, 0.29, -19.01, 18018.63, 'ndaq100', 18013.39, 0, '2024-05-09 16:49:19.000000', '14208794', '2024-05-09 16:48:58.000000', 1, 0, 1),
	(182, 18206.06, 0.29, 335.37, 18163.86, 'ndaq100', 0, 0, '2024-05-14 16:58:47.000000', '14254961', '2024-05-14 15:30:02.000000', 1, 0, 1),
	(183, 18053.63, 0.29, -64.89, 18061.75, 'ndaq100', 18054, 18070.27, '2024-05-09 16:40:03.000000', '14208550', '2024-05-09 16:39:49.000000', 1, 0, 1),
	(184, 17397.53, 0.29, -10.07, 17398.79, 'ndaq100', 0, 17412.18, '2024-05-02 17:49:53.000000', '14107204', '2024-05-02 17:49:32.000000', 1, 0, 1),
	(185, 17396.89, 0.29, -12.39, 17395.34, 'ndaq100', 17404.83, 17361.05, '2024-05-02 17:30:55.000000', '14106117', '2024-05-02 17:28:31.000000', 1, 1, 1),
	(186, 18428.04, 0.29, -1.91, 18427.8, 'ndaq100', 18436.65, 18416.69, '2024-05-15 17:08:30.000000', '14303275', '2024-05-15 17:08:15.000000', 1, 1, 1),
	(187, 18054.15, 0.29, -46.77, 18059.99, 'ndaq100', 18052.09, 18071.91, '2024-05-08 16:59:03.000000', '14192670', '2024-05-08 16:57:10.000000', 1, 0, 1),
	(188, 18180.16, 0.29, -176.96, 18202.35, 'ndaq100', 18180.39, 18247.52, '2024-05-13 18:29:30.000000', '14249262', '2024-05-13 18:06:32.000000', 1, 0, 1),
	(189, 18416.62, 0.29, -15.68, 18414.65, 'ndaq100', 18426.79, 18398.41, '2024-05-15 17:06:27.000000', '14303256', '2024-05-15 17:05:58.000000', 1, 1, 1),
	(190, 17394.42, 0.29, 4.55, 17393.85, 'ndaq100', 17380.31, 17405.18, '2024-05-02 17:37:25.000000', '14106471', '2024-05-02 17:36:23.000000', 1, 0, 1),
	(191, 17977.25, 0.29, -51.76, 17970.75, 'ndaq100', 17976.69, 17957.71, '2024-05-06 16:36:58.000000', '14160176', '2024-05-06 16:36:45.000000', 1, 1, 1),
	(192, 17892.62, 0.29, -54.16, 17885.81, 'ndaq100', 17892.56, 17870.6, '2024-05-03 16:53:11.000000', '14136441', '2024-05-03 16:52:54.000000', 1, 1, 1),
	(193, 18362.81, 0.29, 116.79, 18377.49, 'ndaq100', 18381.57, 18360.17, '2024-05-15 16:50:50.000000', '14301994', '2024-05-15 16:49:51.000000', 1, 1, 1),
	(194, 18059.76, 0.29, 76.16, 18069.27, 'ndaq100', 18074.71, 18054.09, '2024-05-08 17:02:17.000000', '14192789', '2024-05-08 17:00:53.000000', 1, 1, 1),
	(195, 18030.13, 0.29, -16.94, 18032.25, 'ndaq100', 18024.41, 18040.68, '2024-05-09 16:44:44.000000', '14208656', '2024-05-09 16:44:05.000000', 1, 0, 1),
	(196, 18067.81, 0.29, 69.44, 18076.5, 'ndaq100', 18078.17, 18067.81, '2024-05-09 16:36:17.000000', '14208414', '2024-05-09 16:35:59.000000', 1, 1, 1),
	(197, 18014.13, 0.29, -65.89, 18022.38, 'ndaq100', 18014.21, 18033.78, '2024-05-09 16:49:13.000000', '14208787', '2024-05-09 16:48:28.000000', 1, 0, 1),
	(198, 18613.5, 0.29, -34.8, 18617.88, 'ndaq100', 18605.83, 0, '2024-05-16 17:20:24.000000', '14344814', '2024-05-16 17:20:08.000000', 1, 0, 1),
	(199, 18613.13, 0.29, -54.58, 18620, 'ndaq100', 18610.08, 0, '2024-05-16 17:20:23.000000', '14344811', '2024-05-16 17:20:03.000000', 1, 0, 1),
	(200, 18016.5, 0.29, -45.93, 18022.25, 'ndaq100', 18015.86, 0, '2024-05-09 16:48:17.000000', '14208782', '2024-05-09 16:48:06.000000', 1, 0, 1),
	(201, 18067.9, 0.29, -46.77, 18073.74, 'ndaq100', 0, 0, '2024-05-08 17:00:51.000000', '14192785', '2024-05-08 17:00:46.000000', 1, 0, 1),
	(202, 18056.81, 0.29, -79.85, 18066.78, 'ndaq100', 18049.68, 18075.31, '2024-05-08 16:58:05.000000', '14192663', '2024-05-08 16:56:25.000000', 1, 0, 1),
	(203, 18068.89, 0.29, -25.95, 18072.13, 'ndaq100', 0, 0, '2024-05-08 17:00:52.000000', '14192784', '2024-05-08 17:00:44.000000', 1, 0, 1),
	(204, 18058.98, 0.29, -78.41, 18068.77, 'ndaq100', 18052.89, 0, '2024-05-08 16:57:02.000000', '14192665', '2024-05-08 16:56:26.000000', 1, 0, 1),
	(205, 17899.83, 0.29, -33.31, 17895.64, 'ndaq100', 17903.4, 17878.4, '2024-05-03 16:54:47.000000', '14136570', '2024-05-03 16:54:14.000000', 1, 1, 1),
	(206, 17405.15, 0.29, -63.85, 17397.16, 'ndaq100', 17404.83, 17367.71, '2024-05-02 17:32:06.000000', '14106260', '2024-05-02 17:31:38.000000', 1, 1, 1),
	(207, 17397.77, 0.29, 79.19, 17407.68, 'ndaq100', 17411.83, 17391.17, '2024-05-02 17:35:59.000000', '14106381', '2024-05-02 17:34:26.000000', 1, 1, 1),
	(208, 17976.5, 0.29, -23.88, 17979.5, 'ndaq100', 17972.69, 18001.21, '2024-05-06 16:40:26.000000', '14160188', '2024-05-06 16:37:09.000000', 1, 0, 1),
	(209, 17361, 0.29, -77.56, 17370.67, 'ndaq100', 17361.04, 17384.29, '2024-05-01 16:32:19.000000', '14057121', '2024-05-01 16:31:56.000000', 1, 0, 1),
	(210, 18088.53, 0.29, 6.62, 18087.7, 'ndaq100', 18081.63, 18094.99, '2024-05-07 16:59:28.000000', '14175435', '2024-05-07 16:58:53.000000', 1, 0, 1),
	(211, 18619.95, 0.29, -59.36, 18627.41, 'ndaq100', 18620.02, 18637.01, '2024-05-21 17:13:07.000000', '14419044', '2024-05-21 17:11:25.000000', 1, 0, 1),
	(212, 17378, 0.29, -77.02, 17387.63, 'ndaq100', 17379.24, 17401.68, '2024-05-02 16:53:25.000000', '14103787', '2024-05-02 16:53:06.000000', 1, 0, 1),
	(213, 18627.23, 0.29, -38.11, 18632.02, 'ndaq100', 18623.85, 18645.28, '2024-05-21 17:19:28.000000', '14419161', '2024-05-21 17:15:36.000000', 1, 0, 1),
	(214, 17985, 0.29, 41.78, 17990.25, 'ndaq100', 17992.19, 17981.24, '2024-05-06 16:56:58.000000', '14160626', '2024-05-06 16:55:04.000000', 1, 1, 1),
	(215, 18058.64, 0.29, -52.78, 18052.05, 'ndaq100', 0, 0, '2024-05-08 16:59:34.000000', '14192697', '2024-05-08 16:59:14.000000', 1, 1, 1),
	(216, 18628.51, 0.29, -44.64, 18634.12, 'ndaq100', 18628.59, 18644.82, '2024-05-21 17:10:57.000000', '14418997', '2024-05-21 17:10:07.000000', 1, 0, 1),
	(217, 18609, 0.29, 27.81, 18605.5, 'ndaq100', 18601.99, 18632.15, '2024-05-16 17:15:49.000000', '14344585', '2024-05-16 17:12:32.000000', 1, 0, 1),
	(218, 18059.38, 0.29, -53.74, 18052.67, 'ndaq100', 0, 0, '2024-05-08 16:59:36.000000', '14192698', '2024-05-08 16:59:15.000000', 1, 1, 1),
	(219, 17903.67, 0.29, 87.78, 17892.63, 'ndaq100', 17886.55, 17920.78, '2024-05-03 16:57:24.000000', '14136681', '2024-05-03 16:56:08.000000', 1, 0, 1),
	(220, 17981.5, 0.29, -31.84, 17985.5, 'ndaq100', 17978.71, 18001.88, '2024-05-06 16:46:00.000000', '14160507', '2024-05-06 16:45:16.000000', 1, 0, 1),
	(221, 18184.21, 0.29, -29.26, 18187.89, 'ndaq100', 18184.24, 18214.5, '2024-05-14 17:07:09.000000', '14269896', '2024-05-14 17:04:25.000000', 1, 0, 1),
	(222, 18194.71, 0.29, -6.92, 18195.58, 'ndaq100', 18178.33, 18216.24, '2024-05-14 17:06:19.000000', '14269773', '2024-05-14 17:01:38.000000', 1, 0, 1),
	(223, 17407.63, 0.29, -61.93, 17399.88, 'ndaq100', 17407.28, 17378.21, '2024-05-02 17:32:08.000000', '14106252', '2024-05-02 17:31:31.000000', 1, 1, 1),
	(224, 18110.26, 0.29, 302.67, 18072.32, 'ndaq100', 0, 18129.07, '2024-05-09 17:41:10.000000', '14210281', '2024-05-09 17:31:06.000000', 1, 0, 1),
	(225, 18610.88, 0.29, -79.48, 18620.88, 'ndaq100', 18611.06, 0, '2024-05-16 17:06:09.000000', '14344360', '2024-05-16 17:05:44.000000', 1, 0, 1),
	(226, 18045.71, 0.29, 38.28, 18050.49, 'ndaq100', 18049.88, 18037.87, '2024-05-08 16:52:47.000000', '14192569', '2024-05-08 16:49:01.000000', 1, 1, 1),
	(227, 18049.88, 0.29, -36.91, 18045.27, 'ndaq100', 18049.68, 18033.47, '2024-05-08 16:48:57.000000', '14192568', '2024-05-08 16:48:50.000000', 1, 1, 1),
	(228, 18109.93, 0.29, 259.52, 18077.4, 'ndaq100', 18099.54, 18122.56, '2024-05-09 17:41:20.000000', '14210283', '2024-05-09 17:31:26.000000', 1, 0, 1),
	(229, 18600.19, 0.29, 69.08, 18608.87, 'ndaq100', 18612.52, 18587.71, '2024-05-21 16:48:31.000000', '14417527', '2024-05-21 16:48:02.000000', 1, 1, 1),
	(230, 18635.69, 0.29, 0.16, 18635.67, 'ndaq100', 18630.89, 0, '2024-05-21 17:04:23.000000', '14418735', '2024-05-21 17:03:14.000000', 1, 0, 1),
	(231, 17377.14, 0.29, 131.38, 17360.76, 'ndaq100', 17357.46, 17379.28, '2024-05-01 16:32:44.000000', '14057137', '2024-05-01 16:32:22.000000', 1, 0, 1),
	(232, 17375.88, 0.29, -82.96, 17365.54, 'ndaq100', 17375.53, 17353.88, '2024-05-01 16:40:37.000000', '14057498', '2024-05-01 16:40:14.000000', 1, 1, 1),
	(233, 18016.5, 0.29, -89.86, 18027.75, 'ndaq100', 18016.52, 18039.86, '2024-05-09 16:48:12.000000', '14208756', '2024-05-09 16:47:01.000000', 1, 0, 1),
	(234, 17401.25, 0.29, -101.99, 17414, 'ndaq100', 17401.62, 17427.22, '2024-05-02 16:48:36.000000', '14103414', '2024-05-02 16:48:19.000000', 1, 0, 1),
	(235, 18053.65, 0.29, -23.55, 18056.59, 'ndaq100', 18051.69, 18075.11, '2024-05-08 16:59:04.000000', '14192682', '2024-05-08 16:58:21.000000', 1, 0, 1),
	(236, 18084.11, 0.29, -4.79, 18084.71, 'ndaq100', 18084.14, 18095.38, '2024-05-07 17:00:23.000000', '14175442', '2024-05-07 16:59:12.000000', 1, 0, 1),
	(237, 17980.13, 0.29, -1.99, 17979.88, 'ndaq100', 17985.62, 17967.12, '2024-05-06 16:46:34.000000', '14160518', '2024-05-06 16:46:09.000000', 1, 1, 1),
	(238, 18187.32, 0.29, -115.03, 18201.76, 'ndaq100', 18174.5, 18238.8, '2024-05-14 01:11:41.000000', '14249271', '2024-05-13 22:43:39.000000', 1, 0, 1);
/*!40000 ALTER TABLE `trades` ENABLE KEYS */;

-- Dumping structure for table flowerpot-api.users
CREATE TABLE IF NOT EXISTS `users` (
  `id` bigint(20) NOT NULL AUTO_INCREMENT,
  `api_token` varchar(255) DEFAULT NULL,
  `date_registered` datetime(6) DEFAULT NULL,
  `email` varchar(255) DEFAULT NULL,
  `first_name` varchar(255) DEFAULT NULL,
  `last_name` varchar(255) DEFAULT NULL,
  `password` varchar(255) DEFAULT NULL,
  `username` varchar(255) DEFAULT NULL,
  PRIMARY KEY (`id`),
  UNIQUE KEY `UniqueEmail` (`email`)
) ENGINE=InnoDB AUTO_INCREMENT=7 DEFAULT CHARSET=utf8;

-- Dumping data for table flowerpot-api.users: ~1 rows (approximately)
/*!40000 ALTER TABLE `users` DISABLE KEYS */;
REPLACE INTO `users` (`id`, `api_token`, `date_registered`, `email`, `first_name`, `last_name`, `password`, `username`) VALUES
	(6, 'Zmxvd2VycG90X2FwaV90b2tlbiZzLnByaXppb0Bob3RtYWlsLmNvbSYyMDI0LTA1LTAxVDEyOjE2OjQ3', '2024-05-01 12:16:47.201236', 's.prizio@hotmail.com', 'Stephen', 'Prizio', 'MTIzNA==', 's.prizio');
/*!40000 ALTER TABLE `users` ENABLE KEYS */;

-- Dumping structure for table flowerpot-api.user_roles
CREATE TABLE IF NOT EXISTS `user_roles` (
  `user_id` bigint(20) NOT NULL,
  `roles` tinyint(4) DEFAULT NULL CHECK (`roles` between 0 and 1),
  KEY `FKhfh9dx7w3ubf1co1vdev94g3f` (`user_id`),
  CONSTRAINT `FKhfh9dx7w3ubf1co1vdev94g3f` FOREIGN KEY (`user_id`) REFERENCES `users` (`id`)
) ENGINE=InnoDB DEFAULT CHARSET=utf8;

-- Dumping data for table flowerpot-api.user_roles: ~4 rows (approximately)
/*!40000 ALTER TABLE `user_roles` DISABLE KEYS */;
REPLACE INTO `user_roles` (`user_id`, `roles`) VALUES
	(6, 1),
	(6, 1),
	(6, 1),
	(6, 1);
/*!40000 ALTER TABLE `user_roles` ENABLE KEYS */;

/*!40101 SET SQL_MODE=IFNULL(@OLD_SQL_MODE, '') */;
/*!40014 SET FOREIGN_KEY_CHECKS=IF(@OLD_FOREIGN_KEY_CHECKS IS NULL, 1, @OLD_FOREIGN_KEY_CHECKS) */;
/*!40101 SET CHARACTER_SET_CLIENT=@OLD_CHARACTER_SET_CLIENT */;
